date,open,high,close,low,volume,amount
2008-02-18,4.51,5.2,5.2,4.51,19056295.0,674808578.0
2008-02-19,4.94,5.01,4.83,4.68,12409777.0,449849136.0
2008-02-20,4.77,5.06,4.93,4.74,8021810.0,295946888.0
2008-02-21,4.86,4.93,4.85,4.69,4084056.0,147864592.0
2008-02-22,4.86,5.17,4.99,4.81,6377877.0,239057731.0
2008-02-25,5.08,5.43,5.32,5.0,6519101.0,254769442.0
2008-02-26,5.33,5.33,4.85,4.79,5322744.0,199581673.0
2008-02-27,4.93,5.07,5.06,4.88,3399780.0,126899413.0
2008-02-28,5.0,5.02,4.9,4.8,2283617.0,83801694.0
2008-02-29,4.89,4.92,4.9,4.73,2673082.0,96259940.0
2008-03-03,4.8,5.05,4.95,4.73,2006217.0,74323719.0
2008-03-04,4.98,5.2,5.06,4.93,3114649.0,118582496.0
2008-03-05,5.1,5.17,4.85,4.74,2316056.0,85467413.0
2008-03-06,4.89,4.89,4.65,4.61,2098550.0,74026501.0
2008-03-07,4.63,4.72,4.63,4.59,998915.0,34893402.0
2008-03-10,4.59,4.59,4.17,4.17,1965251.0,63299518.0
2008-03-11,4.11,4.13,4.11,3.85,1400320.0,42127737.0
2008-03-12,4.18,4.2,3.84,3.79,1200935.0,35951223.0
2008-03-13,3.8,4.03,3.94,3.74,1268947.0,37234146.0
2008-03-14,3.9,3.97,3.86,3.81,581793.0,17000126.0
2008-03-17,3.86,3.91,3.49,3.47,1136569.0,30669998.0
2008-03-18,3.44,3.57,3.51,3.2,1860412.0,47045934.0
2008-03-20,3.62,3.86,3.86,3.51,2285519.0,62696552.0
2008-03-21,3.89,4.16,3.92,3.86,2818748.0,84535123.0
2008-03-24,3.92,4.16,4.13,3.75,2258290.0,67826503.0
2008-03-25,4.0,4.2,4.03,3.91,1681563.0,51615704.0
2008-03-26,4.04,4.1,3.87,3.85,885560.0,26304723.0
2008-03-27,3.8,3.98,3.75,3.75,794384.0,22941921.0
2008-03-28,3.71,3.87,3.84,3.51,1111268.0,30786576.0
2008-03-31,3.72,3.79,3.52,3.51,660481.0,17840187.0
2008-04-01,3.45,3.52,3.17,3.17,939811.0,23197676.0
2008-04-02,3.18,3.3,3.15,3.03,1035071.0,24310899.0
2008-04-03,3.13,3.28,3.27,3.07,506340.0,12212273.0
2008-04-07,3.25,3.45,3.45,3.13,838986.0,21174607.0
2008-04-08,3.41,3.52,3.51,3.39,785440.0,20463658.0
2008-04-09,3.51,3.56,3.27,3.27,793195.0,20429224.0
2008-04-10,3.17,3.32,3.3,3.13,508355.0,12319963.0
2008-04-11,3.29,3.44,3.37,3.27,629934.0,15893875.0
2008-04-14,3.27,3.38,3.21,3.21,712172.0,17461400.0
2008-04-15,3.16,3.32,3.31,3.16,410261.0,9983138.0
2008-04-16,3.32,3.46,3.3,3.28,408973.0,10350192.0
2008-04-17,3.33,3.35,3.18,3.17,377223.0,9175381.0
2008-04-18,3.15,3.2,2.96,2.94,640399.0,14594197.0
2008-04-21,3.2,3.25,3.0,2.93,590752.0,13738825.0
2008-04-22,2.97,3.06,3.03,2.91,724968.0,16111271.0
2008-04-23,3.02,3.28,3.21,2.93,736436.0,17340508.0
2008-04-24,3.53,3.53,3.5,3.36,1077377.0,27956147.0
2008-04-25,3.48,3.72,3.53,3.4,1311538.0,34795500.0
2008-04-28,3.47,3.59,3.45,3.44,760450.0,20045402.0
2008-04-29,3.45,3.53,3.41,3.4,500450.0,13028855.0
2008-05-05,3.59,3.75,3.75,3.57,1760855.0,48591374.0
2008-05-06,3.74,3.79,3.64,3.64,922005.0,25527105.0
2008-05-07,3.59,3.67,3.44,3.44,714837.0,19021874.0
2008-05-08,3.43,3.53,3.53,3.33,893770.0,22876751.0
2008-05-09,3.53,3.65,3.56,3.44,984891.0,26211874.0
2008-05-12,3.47,3.79,3.63,3.41,1261064.0,34260142.0
2008-05-13,3.53,3.88,3.85,3.51,2243361.0,62842275.0
2008-05-14,3.8,3.92,3.77,3.71,1494070.0,42565359.0
2008-05-15,3.77,3.89,3.74,3.74,969885.0,27695988.0
2008-05-16,3.72,3.76,3.55,3.49,845996.0,23188573.0
2008-05-19,3.49,3.53,3.38,3.33,3377517.0,87396015.0
2008-05-20,3.39,3.51,3.3,3.3,1695293.0,43488350.0
2008-05-21,3.3,3.44,3.44,3.24,1560828.0,39232023.0
2008-05-22,3.41,3.47,3.47,3.33,1061742.0,27111045.0
2008-05-23,3.41,3.49,3.33,3.29,926598.0,23369480.0
2008-05-26,3.33,3.34,3.33,3.2,825721.0,20135036.0
2008-05-27,3.29,3.43,3.33,3.29,843898.0,21261991.0
2008-05-28,3.33,3.46,3.45,3.23,963995.0,24413341.0
2008-05-29,3.48,3.48,3.37,3.36,819784.0,21046007.0
2008-05-30,3.38,3.5,3.45,3.38,899370.0,23260922.0
2008-06-02,3.44,3.48,3.44,3.4,525023.0,13562957.0
2008-06-03,3.43,3.47,3.29,3.28,652870.0,16329591.0
2008-06-04,3.25,3.29,3.13,3.12,818392.0,19451540.0
2008-06-05,3.13,3.21,3.19,3.1,294597.0,7001293.0
2008-06-06,3.12,3.24,3.22,3.12,380306.0,9154100.0
2008-06-10,3.11,3.12,2.9,2.9,881235.0,19974550.0
2008-06-11,2.89,2.98,2.96,2.87,786526.0,17296814.0
2008-06-12,2.93,2.96,2.88,2.74,615232.0,13184734.0
2008-06-13,2.87,2.99,2.89,2.87,713711.0,15708505.0
2008-06-16,2.95,2.95,2.8,2.76,359835.0,7598490.0
2008-06-17,2.84,2.9,2.82,2.77,430785.0,9153896.0
2008-06-18,2.81,3.0,2.98,2.8,644715.0,14126398.0
2008-06-19,2.98,2.98,2.68,2.68,1584050.0,33222214.0
2008-06-20,2.63,2.84,2.76,2.52,1619676.0,32935878.0
2008-06-23,2.7,2.72,2.49,2.48,927055.0,17821916.0
2008-06-24,2.47,2.56,2.54,2.42,671867.0,12600308.0
2008-06-25,2.53,2.69,2.67,2.52,676722.0,13323357.0
2008-06-26,2.67,2.73,2.69,2.63,344300.0,6919039.0
2008-06-27,2.63,2.63,2.43,2.42,516324.0,9646860.0
2008-06-30,2.4,2.6,2.59,2.33,805825.0,15086164.0
2008-07-01,2.57,2.59,2.53,2.52,458897.0,8772110.0
2008-07-02,2.53,2.69,2.68,2.52,661596.0,13086273.0
2008-07-03,2.6,2.88,2.8,2.6,2144129.0,44977253.0
2008-07-04,2.8,2.92,2.85,2.76,1202925.0,25762798.0
2008-07-07,2.85,2.94,2.91,2.8,614921.0,13361325.0
2008-07-08,2.91,2.91,2.87,2.81,625006.0,13382997.0
2008-07-09,2.88,2.95,2.95,2.82,751823.0,16328507.0
2008-07-10,2.89,3.01,2.86,2.85,1223031.0,26951592.0
2008-07-11,2.84,2.89,2.8,2.75,598474.0,12715537.0
2008-07-14,2.79,2.87,2.85,2.79,330552.0,7031410.0
2008-07-15,2.87,2.92,2.8,2.79,522983.0,11111142.0
2008-07-16,2.8,2.8,2.61,2.58,483532.0,9693845.0
2008-07-17,2.64,2.69,2.56,2.53,448471.0,8832316.0
2008-07-18,2.56,2.66,2.66,2.53,180228.0,3504675.0
2008-07-21,2.65,2.81,2.77,2.64,384920.0,7908368.0
2008-07-22,2.8,2.95,2.95,2.76,831875.0,17902822.0
2008-07-23,3.09,3.09,3.01,2.92,1296915.0,29372158.0
2008-07-24,2.98,3.08,3.03,2.94,661698.0,14904648.0
2008-07-25,2.98,3.09,3.03,2.98,349098.0,7972379.0
2008-07-28,3.03,3.08,3.03,3.01,457313.0,10441082.0
2008-07-29,3.09,3.24,3.19,3.04,1505655.0,35105368.0
2008-07-30,3.19,3.3,3.21,3.17,1396352.0,33880877.0
2008-07-31,3.21,3.24,3.13,3.07,835994.0,19802795.0
2008-08-01,3.13,3.28,3.25,3.13,1088799.0,26357133.0
2008-08-04,3.26,3.36,3.32,3.2,654269.0,16267175.0
2008-08-05,3.31,3.38,3.18,3.18,732040.0,17653024.0
2008-08-06,3.21,3.23,3.12,3.08,533804.0,12607697.0
2008-08-07,3.12,3.18,3.1,3.04,490125.0,11410080.0
2008-08-08,3.11,3.13,2.96,2.93,464739.0,10540936.0
2008-08-11,2.96,3.06,2.77,2.74,1410933.0,30493418.0
2008-08-12,2.8,3.05,3.0,2.76,1637160.0,36760888.0
2008-08-13,2.89,3.07,2.97,2.81,1012297.0,22110447.0
2008-08-14,2.9,3.13,3.07,2.89,753649.0,17219283.0
2008-08-15,3.05,3.16,3.12,3.03,437981.0,10188520.0
2008-08-18,3.13,3.28,3.12,3.08,1154836.0,27674771.0
2008-08-19,3.05,3.24,3.19,2.95,852265.0,20044557.0
2008-08-20,3.21,3.46,3.36,3.14,1546683.0,38597526.0
2008-08-21,3.36,3.36,3.31,3.24,881508.0,21764966.0
2008-08-22,3.28,3.31,3.18,3.14,563326.0,13572940.0
2008-08-25,3.13,3.25,3.09,3.04,601569.0,14100143.0
2008-08-26,3.05,3.17,3.16,2.96,597328.0,13600886.0
2008-08-27,3.08,3.2,2.98,2.92,550727.0,12599502.0
2008-08-28,2.98,3.06,3.05,2.95,445468.0,10117524.0
2008-08-29,3.04,3.18,3.15,3.04,510982.0,11964383.0
2008-09-01,3.15,3.17,3.01,3.0,380539.0,8754020.0
2008-09-02,3.0,3.0,2.88,2.87,468808.0,10295183.0
2008-09-03,2.88,2.9,2.9,2.67,855403.0,17693748.0
2008-09-04,2.85,2.88,2.82,2.75,243447.0,5128179.0
2008-09-08,2.77,2.77,2.69,2.67,352229.0,7099648.0
2008-09-09,2.7,2.73,2.67,2.62,190502.0,3832289.0
2008-09-10,2.62,2.75,2.73,2.59,191497.0,3850386.0
2008-09-11,2.68,2.74,2.73,2.64,129021.0,2616668.0
2008-09-12,2.73,2.8,2.73,2.71,121173.0,2495463.0
2008-09-16,2.79,2.79,2.64,2.61,149000.0,3006470.0
2008-09-17,2.62,2.73,2.68,2.62,172033.0,3453285.0
2008-09-18,2.65,2.73,2.68,2.53,482816.0,9506540.0
2008-09-19,2.94,2.95,2.95,2.83,614379.0,13542610.0
2008-09-22,3.02,3.23,2.98,2.94,1033904.0,23619405.0
2008-09-23,2.87,2.93,2.77,2.77,331597.0,7001600.0
2008-09-24,2.67,2.76,2.67,2.64,608150.0,12187546.0
2008-09-25,2.67,2.83,2.82,2.64,984255.0,20099142.0
2008-09-26,2.81,2.81,2.74,2.69,473367.0,9719388.0
2008-10-06,2.71,2.8,2.73,2.65,405066.0,8323508.0
2008-10-07,2.67,2.81,2.74,2.64,266728.0,5487566.0
2008-10-08,2.67,2.78,2.75,2.67,108329.0,2235484.0
2008-10-09,2.77,2.78,2.7,2.69,100815.0,2057796.0
2008-10-10,2.67,2.67,2.58,2.46,267993.0,5160743.0
2008-10-13,2.57,2.61,2.59,2.48,157295.0,2991274.0
2008-10-14,2.69,2.71,2.55,2.55,265069.0,5232523.0
2008-10-15,2.58,2.6,2.58,2.53,162247.0,3135019.0
2008-10-16,2.53,2.55,2.41,2.38,362115.0,6663052.0
2008-10-17,2.31,2.39,2.34,2.22,426845.0,5605928.0
2008-10-20,2.31,2.42,2.4,2.24,202355.0,2723468.0
2008-10-21,2.4,2.43,2.39,2.37,191372.0,2630874.0
2008-10-22,2.36,2.43,2.36,2.29,148663.0,2042659.0
2008-10-23,2.29,2.36,2.35,2.29,145234.0,1927979.0
2008-10-24,2.35,2.39,2.35,2.32,82500.0,1104121.0
2008-10-27,2.29,2.35,2.12,2.12,280450.0,3541829.0
2008-10-28,2.06,2.14,2.1,2.01,245551.0,2921121.0
2008-10-29,2.15,2.16,2.13,2.1,248519.0,3030053.0
2008-10-30,2.17,2.22,2.18,2.12,280220.0,3511845.0
2008-10-31,2.18,2.21,2.17,2.16,48279.0,603398.0
2008-11-03,2.17,2.2,2.15,2.13,52271.0,643653.0
2008-11-04,2.14,2.16,2.12,2.1,179350.0,2195651.0
2008-11-05,2.17,2.23,2.22,2.12,227769.0,2869479.0
2008-11-06,2.19,2.24,2.2,2.15,214885.0,2703616.0
2008-11-07,2.15,2.22,2.2,2.15,172824.0,2152110.0
2008-11-10,2.22,2.4,2.34,2.22,262475.0,3477593.0
2008-11-11,2.31,2.35,2.31,2.27,412742.0,5427597.0
2008-11-12,2.3,2.37,2.37,2.27,229327.0,3055772.0
2008-11-13,2.34,2.48,2.46,2.32,425628.0,5904697.0
2008-11-14,2.46,2.52,2.49,2.43,421429.0,5973047.0
2008-11-17,2.44,2.55,2.54,2.43,379022.0,5455140.0
2008-11-18,2.5,2.67,2.47,2.36,740642.0,10824330.0
2008-11-19,2.45,2.64,2.63,2.39,432261.0,6291099.0
2008-11-20,2.58,2.74,2.59,2.54,420794.0,6362142.0
2008-11-21,2.59,2.62,2.53,2.45,309550.0,4498319.0
2008-11-24,2.57,2.62,2.4,2.4,464455.0,6627286.0
2008-11-25,2.41,2.48,2.44,2.4,326538.0,4545557.0
2008-11-26,2.41,2.47,2.46,2.41,209177.0,2910738.0
2008-11-27,2.62,2.62,2.44,2.44,681624.0,9771274.0
2008-11-28,2.42,2.45,2.4,2.38,246024.0,3385815.0
2008-12-02,2.54,2.65,2.65,2.42,2585404.0,37525796.0
2008-12-03,2.65,2.85,2.79,2.65,1957915.0,31057758.0
2008-12-04,2.81,3.01,2.74,2.71,2753350.0,44537236.0
2008-12-05,2.73,2.89,2.87,2.71,1197191.0,19390108.0
2008-12-08,2.92,3.0,2.95,2.85,1534378.0,25662264.0
2008-12-09,2.95,3.01,2.87,2.86,946559.0,15750381.0
2008-12-10,2.85,2.97,2.95,2.85,729947.0,12166494.0
2008-12-11,2.96,3.04,2.91,2.9,781300.0,13328671.0
2008-12-12,2.88,2.94,2.76,2.71,1934236.0,30592326.0
2008-12-15,2.82,2.82,2.79,2.74,677525.0,10748909.0
2008-12-16,2.74,3.06,3.03,2.73,1175698.0,19556630.0
2008-12-17,3.05,3.14,2.99,2.95,977781.0,17127412.0
2008-12-18,3.06,3.14,3.08,2.97,704445.0,12346721.0
2008-12-19,3.13,3.16,3.13,3.03,924893.0,16370154.0
2008-12-22,3.13,3.26,3.22,3.09,1490384.0,27083946.0
2008-12-23,3.24,3.24,3.0,3.0,1708244.0,30756534.0
2008-12-24,3.01,3.15,3.13,2.88,1136659.0,19544676.0
2008-12-25,3.08,3.15,3.13,3.04,688631.0,12194877.0
2008-12-26,3.13,3.27,3.2,3.13,1194228.0,21825940.0
2008-12-30,3.13,3.21,3.09,3.08,1392418.0,24928272.0
2008-12-31,3.09,3.17,3.13,3.03,751554.0,13248479.0
2009-01-05,3.13,3.22,3.21,3.12,1182142.0,21386534.0
2009-01-06,3.2,3.27,3.25,3.12,900635.0,16423060.0
2009-01-07,3.18,3.41,3.35,3.18,866457.0,16573864.0
2009-01-08,3.27,3.41,3.41,3.25,563580.0,10809459.0
2009-01-09,3.41,3.51,3.48,3.41,731475.0,14529830.0
2009-01-12,3.47,3.56,3.42,3.4,786268.0,15742217.0
2009-01-13,3.39,3.41,3.4,3.29,1030009.0,19661072.0
2009-01-14,3.4,3.51,3.49,3.4,675412.0,13356935.0
2009-01-15,3.48,3.57,3.57,3.39,1054671.0,21230298.0
2009-01-16,3.58,3.64,3.45,3.39,1870213.0,37249692.0
2009-01-19,3.43,3.48,3.35,3.31,2123004.0,40540540.0
2009-01-20,3.33,3.43,3.38,3.33,592150.0,11447697.0
2009-01-21,3.35,3.39,3.35,3.32,399255.0,7646867.0
2009-01-22,3.36,3.42,3.4,3.32,648493.0,12549091.0
2009-01-23,3.36,3.4,3.34,3.33,349331.0,6689106.0
2009-02-02,3.36,3.48,3.47,3.34,422770.0,8275928.0
2009-02-03,3.46,3.53,3.51,3.43,607140.0,12109409.0
2009-02-04,3.52,3.55,3.48,3.45,729140.0,14495497.0
2009-02-05,3.48,3.49,3.36,3.36,2078401.0,40701284.0
2009-02-06,3.36,3.45,3.42,3.36,1696140.0,33086520.0
2009-02-09,3.48,3.58,3.55,3.42,1829657.0,36636028.0
2009-02-10,3.55,3.86,3.83,3.55,2361593.0,50362484.0
2009-02-11,3.78,3.81,3.7,3.67,1655902.0,35280964.0
2009-02-12,3.68,3.72,3.68,3.51,923881.0,19119588.0
2009-02-13,3.69,3.72,3.71,3.59,1421856.0,29823450.0
2009-02-16,3.71,3.83,3.72,3.64,1228488.0,26124400.0
2009-02-17,3.79,3.93,3.81,3.74,2620380.0,58043896.0
2009-02-18,3.67,3.89,3.71,3.67,1293418.0,28112012.0
2009-02-19,3.7,3.82,3.79,3.67,653578.0,14014904.0
2009-02-20,3.81,4.06,4.04,3.81,2048995.0,46074924.0
2009-02-23,3.99,4.14,4.09,3.98,1375457.0,31968100.0
2009-02-24,4.02,4.09,3.83,3.83,1078951.0,24470612.0
2009-02-25,3.9,4.02,4.01,3.67,1156753.0,25292068.0
2009-02-26,3.99,4.04,3.67,3.61,898963.0,19633084.0
2009-02-27,3.62,3.72,3.55,3.41,801030.0,16215296.0
2009-03-02,3.55,3.6,3.55,3.46,401471.0,8152576.0
2009-03-03,3.47,3.55,3.5,3.39,574975.0,11453936.0
2009-03-04,3.54,3.73,3.67,3.54,876297.0,18314560.0
2009-03-05,3.73,3.76,3.63,3.58,1160772.0,24245188.0
2009-03-09,3.63,3.71,3.43,3.41,850628.0,16986638.0
2009-03-10,3.41,3.46,3.45,3.37,737269.0,14438839.0
2009-03-11,3.5,3.58,3.46,3.45,554682.0,11195277.0
2009-03-12,3.46,3.54,3.54,3.43,566252.0,11319439.0
2009-03-13,3.58,3.58,3.51,3.48,283057.0,5700508.0
2009-03-16,3.51,3.51,3.46,3.41,380186.0,7477040.0
2009-03-17,3.5,3.58,3.58,3.45,525717.0,10617466.0
2009-03-18,3.58,3.63,3.57,3.55,733310.0,15057544.0
2009-03-19,3.62,3.62,3.59,3.5,706416.0,14365272.0
2009-03-20,3.58,3.76,3.75,3.57,1326860.0,28192858.0
2009-03-23,3.76,3.79,3.71,3.69,1435659.0,30557584.0
2009-03-24,3.73,3.83,3.73,3.71,600872.0,12899324.0
2009-03-25,3.73,3.77,3.61,3.61,682840.0,14300269.0
2009-03-26,3.6,3.63,3.61,3.52,581146.0,11882815.0
2009-03-27,3.65,3.65,3.58,3.57,510726.0,10485386.0
2009-03-30,3.59,3.74,3.7,3.54,821297.0,17195238.0
2009-03-31,3.67,3.79,3.78,3.61,1063135.0,22729910.0
2009-04-01,3.76,3.81,3.77,3.74,867179.0,18702370.0
2009-04-02,3.78,3.8,3.77,3.73,1099476.0,23723008.0
2009-04-03,3.77,4.15,3.95,3.77,2181715.0,49341584.0
2009-04-07,3.99,4.1,4.0,3.92,1188689.0,27188250.0
2009-04-08,4.04,4.06,3.85,3.83,980788.0,21760766.0
2009-04-09,3.85,4.02,3.98,3.79,1201952.0,26820760.0
2009-04-10,4.0,4.1,4.08,3.98,934961.0,21693224.0
2009-04-13,4.08,4.22,4.1,4.08,1198340.0,28481018.0
2009-04-14,4.1,4.13,4.12,3.95,1326153.0,30679322.0
2009-04-15,4.1,4.28,4.22,4.0,1187421.0,28240274.0
2009-04-16,4.23,4.28,4.2,4.09,1044378.0,25026340.0
2009-04-17,4.11,4.19,3.99,3.98,784504.0,18113378.0
2009-04-20,3.94,4.07,4.05,3.91,478703.0,10959334.0
2009-04-21,3.98,4.18,4.1,3.98,1228939.0,28871036.0
2009-04-22,4.13,4.17,3.81,3.79,935048.0,21216516.0
2009-04-23,3.8,3.91,3.86,3.72,599750.0,13170518.0
2009-04-24,3.89,3.92,3.9,3.86,381806.0,8507758.0
2009-04-27,3.81,3.81,3.57,3.53,4539329.0,92790768.0
2009-04-28,3.52,3.63,3.59,3.47,1351438.0,27615022.0
2009-04-30,3.67,3.76,3.72,3.67,974749.0,20747700.0
2009-05-04,3.73,4.0,3.97,3.72,1101096.0,24207044.0
2009-05-05,4.0,4.12,4.11,3.91,999766.0,22981512.0
2009-05-06,4.07,4.13,4.09,4.02,889210.0,20787552.0
2009-05-07,4.11,4.12,3.97,3.92,558504.0,12763579.0
2009-05-08,3.97,4.08,3.96,3.88,594865.0,13500813.0
2009-05-11,3.96,4.02,3.79,3.79,592693.0,13020986.0
2009-05-12,3.71,3.83,3.8,3.71,457748.0,9786543.0
2009-05-13,3.78,3.87,3.84,3.78,530238.0,11601361.0
2009-05-14,3.79,3.9,3.87,3.78,237048.0,5208560.0
2009-05-15,3.88,3.9,3.83,3.79,259580.0,5698944.0
2009-05-18,3.81,3.86,3.86,3.78,258098.0,5628278.0
2009-05-19,3.88,3.93,3.84,3.81,493939.0,10877371.0
2009-05-20,3.83,3.86,3.76,3.76,566407.0,12327267.0
2009-05-21,3.74,3.75,3.66,3.64,752035.0,15824088.0
2009-05-22,3.69,3.74,3.74,3.66,234574.0,4969652.0
2009-05-25,3.67,3.79,3.79,3.62,731222.0,15446240.0
2009-05-26,3.79,3.98,3.92,3.72,1535565.0,34358208.0
2009-05-27,3.96,3.96,3.95,3.87,730148.0,16307846.0
2009-06-01,3.94,3.97,3.95,3.89,397279.0,8949829.0
2009-06-02,3.96,4.06,4.0,3.92,667130.0,15173238.0
2009-06-03,4.0,4.02,3.88,3.85,1614641.0,35982688.0
2009-06-04,3.88,3.88,3.76,3.74,1019002.0,22047944.0
2009-06-05,3.82,3.84,3.7,3.69,1506110.0,32118148.0
2009-06-08,3.7,3.8,3.67,3.65,1069678.0,22717660.0
2009-06-09,3.68,3.72,3.65,3.55,1279763.0,26472390.0
2009-06-10,3.66,3.79,3.77,3.66,1423376.0,30456980.0
2009-06-11,3.77,3.77,3.71,3.67,837899.0,13532887.0
2009-06-12,3.67,3.71,3.66,3.64,724863.0,11587811.0
2009-06-15,3.66,3.75,3.71,3.65,601125.0,9714330.0
2009-06-16,3.67,3.71,3.66,3.65,395641.0,6339869.0
2009-06-17,3.65,3.7,3.67,3.65,346150.0,5545336.0
2009-06-18,3.68,3.72,3.71,3.67,693105.0,11157454.0
2009-06-19,3.71,3.75,3.73,3.68,690879.0,11191900.0
2009-06-22,3.73,3.75,3.7,3.7,671412.0,10903758.0
2009-06-23,3.68,3.85,3.79,3.67,1631047.0,26964060.0
2009-06-24,3.76,3.83,3.82,3.72,874502.0,14451412.0
2009-06-25,3.82,3.94,3.86,3.82,1651274.0,27923620.0
2009-06-26,3.87,4.0,3.96,3.83,2022734.0,34773700.0
2009-06-29,3.96,4.03,3.94,3.9,2187658.0,37734412.0
2009-07-01,3.92,3.94,3.79,3.75,2477732.0,41052116.0
2009-07-02,3.79,3.85,3.82,3.76,987505.0,16399396.0
2009-07-03,3.82,4.01,3.92,3.82,1081942.0,18552832.0
2009-07-06,3.92,3.97,3.96,3.88,1280353.0,21914658.0
2009-07-07,3.97,4.11,4.07,3.95,1718108.0,30283882.0
2009-07-08,4.08,4.23,4.19,3.99,1803603.0,32640292.0
2009-07-09,4.34,4.34,4.17,4.13,1674593.0,30881374.0
2009-07-10,4.15,4.28,4.17,4.08,1051756.0,19317942.0
2009-07-13,4.13,4.18,4.1,4.03,1427881.0,25618568.0
2009-07-14,4.11,4.26,4.19,4.09,1450006.0,26335378.0
2009-07-15,4.19,4.33,4.32,4.13,2843446.0,52536560.0
2009-07-16,4.34,4.35,4.18,4.17,1279212.0,23634348.0
2009-07-17,4.18,4.22,4.16,4.08,1099266.0,19901728.0
2009-07-20,4.19,4.2,4.19,4.08,1159127.0,21005178.0
2009-07-21,4.59,4.6,4.42,4.39,5620926.0,110139360.0
2009-07-22,4.29,4.51,4.48,4.24,3443201.0,65928796.0
2009-07-23,4.44,4.57,4.43,4.37,1692102.0,32974408.0
2009-07-24,4.45,4.49,4.42,4.34,1655031.0,31795106.0
2009-07-27,4.41,4.5,4.43,4.38,1290251.0,24967302.0
2009-07-28,4.42,4.44,4.44,4.32,1188796.0,22686072.0
2009-07-29,4.43,4.53,4.19,4.1,2244381.0,42708124.0
2009-07-30,4.21,4.28,4.28,4.15,1160475.0,21440856.0
2009-07-31,4.3,4.33,4.3,4.22,2068346.0,38602808.0
2009-08-03,4.31,4.42,4.41,4.25,1436389.0,27358270.0
2009-08-04,4.38,4.47,4.45,4.33,1876599.0,36063264.0
2009-08-05,4.48,4.49,4.37,4.33,1478249.0,28358896.0
2009-08-06,4.33,4.4,4.33,4.24,924943.0,17340122.0
2009-08-07,4.33,4.46,4.42,4.31,1769454.0,33911116.0
2009-08-10,4.47,4.74,4.65,4.45,5809254.0,116587360.0
2009-08-11,4.59,4.65,4.62,4.51,1824017.0,36492188.0
2009-08-12,4.6,4.6,4.39,4.36,1702578.0,33104246.0
2009-08-13,4.41,4.58,4.38,4.38,1897781.0,37081188.0
2009-08-14,4.32,4.32,4.11,4.06,2562373.0,46658872.0
2009-08-17,4.14,4.21,4.1,4.07,2027083.0,36423068.0
2009-08-18,4.08,4.31,4.31,4.08,1440675.0,26261826.0
2009-08-19,4.31,4.57,4.37,4.26,3205812.0,61944688.0
2009-08-20,4.4,4.48,4.45,4.26,1719523.0,32839716.0
2009-08-21,4.4,4.79,4.74,4.4,3860839.0,77860256.0
2009-08-24,4.69,5.0,4.89,4.61,3471193.0,73713712.0
2009-08-25,4.89,5.08,4.9,4.72,3372052.0,71972264.0
2009-08-26,4.91,5.11,5.05,4.82,3633511.0,79489016.0
2009-08-27,4.98,5.09,4.86,4.84,2581565.0,55522792.0
2009-08-28,4.97,4.97,4.85,4.81,1332129.0,28264654.0
2009-09-01,4.44,4.62,4.55,4.38,2332154.0,45767836.0
2009-09-02,4.51,4.63,4.54,4.45,1389994.0,27585900.0
2009-09-03,4.54,4.72,4.66,4.45,3421364.0,68158536.0
2009-09-04,4.63,4.72,4.66,4.54,1411584.0,28438740.0
2009-09-07,4.65,4.85,4.82,4.63,2603190.0,54245204.0
2009-09-08,4.73,4.93,4.84,4.71,1170827.0,24587842.0
2009-09-09,4.77,4.83,4.77,4.68,1129916.0,23366784.0
2009-09-10,4.75,4.78,4.65,4.65,948951.0,19461738.0
2009-09-11,4.65,4.81,4.78,4.65,938762.0,19377534.0
2009-09-14,4.71,4.96,4.89,4.71,1927222.0,40852372.0
2009-09-15,4.86,4.96,4.91,4.84,1368056.0,29380896.0
2009-09-16,4.91,5.19,5.18,4.86,2156051.0,47264220.0
2009-09-17,5.16,5.51,5.29,5.09,2468847.0,57613572.0
2009-09-18,5.27,5.35,5.03,4.92,1667417.0,37459664.0
2009-09-21,5.02,5.35,5.33,4.94,1259599.0,28227154.0
2009-09-22,5.27,5.5,5.06,5.04,2189796.0,51148284.0
2009-09-23,5.06,5.2,4.97,4.9,1597898.0,35158352.0
2009-09-24,4.91,5.0,4.82,4.7,1288066.0,27071062.0
2009-09-25,4.81,4.95,4.85,4.79,559125.0,11879902.0
2009-09-28,4.92,4.92,4.68,4.68,698868.0,14579710.0
2009-09-29,4.68,4.77,4.64,4.51,1075852.0,21580144.0
2009-09-30,4.67,4.77,4.74,4.66,566955.0,11683963.0
2009-10-09,4.81,4.99,4.97,4.77,676865.0,14506891.0
2009-10-12,4.97,5.12,5.02,4.95,752806.0,16544127.0
2009-10-13,5.02,5.04,5.03,4.94,457859.0,9980854.0
2009-10-14,5.07,5.17,5.09,5.03,966192.0,21618898.0
2009-10-15,5.09,5.18,5.12,5.07,602872.0,13441941.0
2009-10-16,5.12,5.14,5.03,4.86,877394.0,19129108.0
2009-10-19,5.01,5.11,5.02,4.95,1163457.0,25543300.0
2009-10-20,5.03,5.19,5.19,5.03,1916698.0,42844680.0
2009-10-21,5.2,5.38,5.21,5.19,1722273.0,39705544.0
2009-10-22,5.26,5.26,5.12,5.01,1959521.0,43411220.0
2009-10-23,5.08,5.19,5.18,5.08,1211473.0,27258546.0
2009-10-26,5.24,5.38,5.35,5.18,2168887.0,50249928.0
2009-10-27,5.28,5.43,5.21,5.18,1417884.0,32926944.0
2009-10-28,5.2,5.49,5.49,5.18,2053119.0,48257464.0
2009-10-29,5.39,5.47,5.34,5.33,1137625.0,26649728.0
2009-10-30,5.43,5.47,5.26,5.25,1069441.0,24889986.0
2009-11-02,5.16,5.42,5.41,5.11,1043426.0,24150172.0
2009-11-03,5.41,5.62,5.51,5.41,1229396.0,29646302.0
2009-11-04,5.52,5.6,5.5,5.45,852197.0,20524386.0
2009-11-05,5.5,5.65,5.55,5.5,876280.0,21338548.0
2009-11-06,5.61,5.68,5.52,5.49,937480.0,22746130.0
2009-11-09,5.65,5.68,5.68,5.52,923770.0,22588148.0
2009-11-10,5.7,5.85,5.78,5.64,1072067.0,27005918.0
2009-11-12,5.8,6.14,6.02,5.8,1640585.0,43048088.0
2009-11-13,6.02,6.11,6.07,5.91,862634.0,22620986.0
2009-11-16,6.09,6.53,6.07,6.03,2045029.0,55799432.0
2009-11-17,6.02,6.32,6.18,5.97,1482130.0,39668948.0
2009-11-18,6.18,6.19,6.06,5.96,1289442.0,34115688.0
2009-11-19,6.12,6.14,6.05,6.01,1022005.0,27027478.0
2009-11-20,6.07,6.36,6.23,5.96,1675707.0,45221668.0
2009-11-23,6.23,6.45,6.4,6.19,1502849.0,41571228.0
2009-11-24,6.41,6.48,5.94,5.86,2811536.0,75208296.0
2009-11-25,5.89,6.16,6.12,5.87,1599353.0,42104604.0
2009-11-26,6.09,6.1,5.74,5.73,1502883.0,38902876.0
2009-11-27,5.73,5.96,5.91,5.64,2181585.0,55874728.0
2009-11-30,5.91,6.19,6.14,5.83,1497314.0,39382756.0
2009-12-01,6.11,6.24,6.19,6.05,1362743.0,36489020.0
2009-12-02,6.25,6.26,6.22,6.15,1162968.0,31506648.0
2009-12-03,6.22,6.36,6.27,6.12,1661696.0,45322868.0
2009-12-04,6.25,6.3,5.97,5.83,1367582.0,36010972.0
2009-12-07,5.98,6.04,5.98,5.87,899520.0,23327710.0
2009-12-08,6.04,6.05,5.92,5.87,755232.0,19478780.0
2009-12-09,5.91,5.98,5.79,5.77,848176.0,21716900.0
2009-12-10,5.79,6.09,6.08,5.79,1551473.0,40244432.0
2009-12-11,6.12,6.16,6.01,6.0,883286.0,23316736.0
2009-12-14,5.98,6.11,6.05,5.87,674012.0,17572206.0
2009-12-15,6.05,6.21,5.96,5.91,1541082.0,40663984.0
2009-12-16,5.96,6.22,6.17,5.87,2367748.0,62867108.0
2009-12-17,6.14,6.23,5.95,5.91,953643.0,25011726.0
2009-12-18,5.88,6.19,5.96,5.87,1706172.0,44978148.0
2009-12-21,5.96,6.19,6.17,5.96,1125946.0,30012176.0
2009-12-22,6.16,6.47,6.3,6.12,2731976.0,75264472.0
2009-12-23,6.3,6.88,6.69,6.21,3053946.0,86776624.0
2009-12-24,6.72,6.85,6.8,6.59,2417770.0,71039448.0
2009-12-25,6.87,7.27,7.27,6.71,2265684.0,68818544.0
2009-12-28,7.22,7.42,7.26,7.06,2276967.0,71622832.0
2009-12-29,7.24,7.24,7.09,6.97,1801517.0,55497964.0
2009-12-30,7.08,7.11,7.09,6.88,1650092.0,50315212.0
2009-12-31,7.08,7.17,7.1,6.89,1363211.0,41954840.0
2010-01-04,7.0,7.23,7.13,6.92,1088612.0,33683712.0
2010-01-05,7.06,7.45,7.42,7.02,1481053.0,47134460.0
2010-01-07,7.33,7.33,7.05,6.99,1601925.0,49616192.0
2010-01-08,6.97,7.03,6.88,6.69,1349218.0,40179620.0
2010-01-11,6.89,7.42,7.42,6.75,1694543.0,52902100.0
2010-01-12,7.34,7.75,7.53,7.34,1521377.0,50498949.0
2010-01-13,7.42,7.82,7.79,7.23,1449890.0,48831148.0
2010-01-14,7.71,8.11,7.85,7.6,1289366.0,44906428.0
2010-01-15,7.88,8.22,8.22,7.73,1578323.0,55302328.0
2010-01-18,8.22,8.48,8.27,7.95,2120365.0,75992232.0
2010-01-19,8.26,8.26,8.03,7.95,812366.0,28553292.0
2010-01-20,8.05,8.42,8.07,7.91,1705730.0,60538480.0
2010-01-21,8.08,8.11,7.84,7.75,1227011.0,42175680.0
2010-01-22,7.79,7.98,7.89,7.55,1545871.0,52465092.0
2010-01-25,7.68,7.96,7.6,7.45,1510236.0,50277512.0
2010-01-26,7.57,7.57,7.34,7.34,869227.0,28004952.0
2010-01-27,7.34,7.93,7.63,7.29,1168736.0,38813284.0
2010-01-28,7.67,7.86,7.86,7.67,559414.0,19075410.0
2010-01-29,7.86,8.09,7.9,7.77,805714.0,27820244.0
2010-02-01,7.82,7.98,7.84,7.56,518335.0,17524672.0
2010-02-02,7.84,8.27,7.93,7.84,1082679.0,38142544.0
2010-02-03,8.02,8.13,7.63,7.31,1773555.0,59294484.0
2010-02-04,7.65,7.85,7.7,7.34,775558.0,25941432.0
2010-02-05,7.54,7.67,7.64,7.45,373992.0,12363648.0
2010-02-08,7.57,7.74,7.72,7.57,237046.0,7935755.0
2010-02-09,7.74,8.05,8.03,7.63,645869.0,22265904.0
2010-02-10,8.04,8.25,8.03,7.98,486041.0,17089558.0
2010-02-11,8.03,8.17,8.13,8.0,306441.0,10832994.0
2010-02-12,8.13,8.46,8.42,8.06,584386.0,21274660.0
2010-02-22,8.42,8.6,8.48,8.29,555367.0,20659930.0
2010-02-23,8.48,8.56,8.33,8.05,834440.0,30029406.0
2010-02-25,8.36,8.6,8.38,8.27,1148925.0,42040516.0
2010-02-26,8.38,8.44,8.38,8.26,612905.0,22306070.0
2010-03-01,8.38,8.52,8.42,8.29,692279.0,25500344.0
2010-03-02,8.42,8.42,8.23,8.22,1337933.0,48298576.0
2010-03-03,8.23,8.37,8.35,8.12,888421.0,32004826.0
2010-03-04,8.45,8.6,8.46,8.35,931907.0,34392760.0
2010-03-05,8.46,9.01,8.88,8.4,1738367.0,66626136.0
2010-03-08,8.83,9.0,8.91,8.65,924962.0,35769716.0
2010-03-09,8.79,9.09,8.77,8.72,764390.0,29790310.0
2010-03-10,8.76,8.84,8.53,8.5,787838.0,29528854.0
2010-03-11,8.5,8.62,8.22,8.03,818715.0,29800750.0
2010-03-12,8.25,8.38,8.19,8.14,477733.0,17245784.0
2010-03-15,8.21,8.44,8.43,8.11,508774.0,18312710.0
2010-03-16,8.42,8.48,8.43,8.22,585269.0,21269126.0
2010-03-17,8.52,8.57,8.57,8.32,847403.0,31252188.0
2010-03-18,8.39,8.52,8.35,8.16,629492.0,23001240.0
2010-03-19,8.34,8.45,8.4,8.25,382580.0,13981130.0
2010-03-22,8.48,8.48,8.22,8.14,717038.0,25806356.0
2010-03-23,8.21,8.33,8.28,8.21,468433.0,16882202.0
2010-03-24,8.28,8.41,8.39,8.11,902768.0,32391510.0
2010-03-25,8.34,8.8,8.62,8.33,979292.0,36690320.0
2010-03-26,8.62,8.66,8.57,8.46,418047.0,15607000.0
2010-03-29,8.57,8.66,8.41,8.38,976839.0,35958676.0
2010-03-30,8.42,8.46,8.45,8.22,2015105.0,73624904.0
2010-03-31,8.46,8.57,8.54,8.32,1257705.0,46198372.0
2010-04-01,8.53,8.89,8.78,8.44,1492909.0,56969968.0
2010-04-02,8.69,8.87,8.84,8.69,634143.0,24316154.0
2010-04-06,8.84,8.84,8.69,8.57,1361264.0,51500900.0
2010-04-08,8.69,8.69,8.53,8.41,1309938.0,48484096.0
2010-04-09,8.53,8.77,8.77,8.44,2164646.0,81284496.0
2010-04-12,8.71,9.17,9.17,8.71,2050542.0,80956872.0
2010-04-13,9.17,9.17,8.89,8.76,845601.0,32994870.0
2010-04-14,8.89,9.12,9.1,8.83,698710.0,27401322.0
2010-04-15,9.1,9.28,9.09,8.87,463504.0,18248976.0
2010-04-16,9.08,9.2,9.19,8.91,748512.0,29858108.0
2010-04-19,9.18,9.28,9.01,9.01,648988.0,25817690.0
2010-04-20,9.01,9.17,9.16,8.87,786693.0,30912484.0
2010-04-21,9.15,9.95,9.8,9.08,2023528.0,83770336.0
2010-04-22,9.74,10.05,10.05,9.52,1460232.0,62515516.0
2010-04-23,10.05,10.19,9.24,9.05,1765886.0,73017520.0
2010-04-26,9.1,9.22,8.8,8.6,1381878.0,53071984.0
2010-04-27,8.8,8.99,8.98,8.46,1999852.0,76286752.0
2010-04-28,8.25,8.82,8.71,8.25,736551.0,27856382.0
2010-04-29,8.66,8.76,7.84,7.84,2549242.0,89689392.0
2010-04-30,7.84,7.84,7.38,7.06,2865114.0,90276136.0
2010-05-04,7.26,7.68,7.66,7.11,1200381.0,38684144.0
2010-05-05,7.64,7.86,7.77,7.46,621259.0,20898932.0
2010-05-06,7.72,7.9,7.66,7.57,583336.0,19647426.0
2010-05-07,7.52,7.68,7.23,7.11,737712.0,23634240.0
2010-05-10,7.23,7.33,7.17,6.51,932396.0,28026766.0
2010-05-11,7.21,7.32,7.07,6.85,583391.0,18076248.0
2010-05-12,7.07,7.07,6.89,6.57,719679.0,21341552.0
2010-05-13,6.89,7.39,7.29,6.81,1012158.0,31304972.0
2010-05-14,7.15,7.45,7.36,7.15,490736.0,15758761.0
2010-05-17,7.29,7.29,7.08,6.88,763687.0,23685472.0
2010-05-18,7.08,7.29,7.26,6.88,1078073.0,33162758.0
2010-05-19,7.17,7.49,7.43,7.02,617991.0,19630150.0
2010-05-20,7.4,7.54,7.36,7.28,441250.0,14163367.0
2010-05-21,7.21,7.54,7.43,7.14,360647.0,11579052.0
2010-05-24,7.43,7.76,7.72,7.43,1090218.0,36213360.0
2010-05-25,7.7,7.7,7.54,7.45,327473.0,10718818.0
2010-05-26,7.45,7.63,7.23,7.17,630253.0,20074800.0
2010-05-27,7.26,7.27,7.23,7.08,765348.0,23781700.0
2010-05-28,7.29,7.4,7.33,7.23,822959.0,26074076.0
2010-05-31,7.24,7.4,7.25,7.22,617284.0,19591108.0
2010-06-01,7.24,7.26,6.85,6.69,718709.0,21770190.0
2010-06-02,6.8,6.91,6.76,6.52,1586846.0,45777176.0
2010-06-03,6.78,6.83,6.58,6.48,1508645.0,43689360.0
2010-06-04,6.52,6.52,6.41,6.29,2475707.0,68301872.0
2010-06-07,6.36,6.9,6.87,6.3,2838869.0,81610056.0
2010-06-08,6.87,7.06,7.0,6.76,1683679.0,50456532.0
2010-06-09,6.98,7.25,7.14,6.98,1201616.0,37006708.0
2010-06-10,7.14,7.22,7.11,7.01,961327.0,29757262.0
2010-06-11,7.11,7.35,7.15,7.09,996178.0,31211850.0
2010-06-17,7.16,7.29,7.28,7.13,1407185.0,43998064.0
2010-06-18,7.2,7.21,6.71,6.66,2621772.0,78003688.0
2010-06-21,6.66,6.8,6.71,6.48,1852475.0,53683164.0
2010-06-22,6.71,6.8,6.76,6.66,795035.0,23172378.0
2010-06-23,6.75,6.75,6.55,6.24,11130815.0,305061280.0
2010-06-24,6.35,6.47,6.39,6.28,2774772.0,76564368.0
2010-06-25,6.36,6.43,6.38,5.95,4215194.0,112426136.0
2010-06-28,6.3,6.3,6.08,5.98,2089029.0,55002232.0
2010-06-29,6.08,6.1,5.6,5.56,2921311.0,73850712.0
2010-06-30,5.55,5.71,5.6,5.32,1449206.0,34473928.0
2010-07-01,5.56,5.66,5.43,5.43,550089.0,13149572.0
2010-07-02,5.43,5.43,5.22,5.09,1314143.0,29627046.0
2010-07-05,5.18,5.36,5.32,5.06,738235.0,16706134.0
2010-07-06,5.32,5.62,5.55,5.28,1427080.0,34091696.0
2010-07-07,5.55,5.76,5.7,5.51,822745.0,20106490.0
2010-07-08,5.7,5.78,5.61,5.52,976248.0,23686296.0
2010-07-09,5.58,6.02,5.87,5.56,2048069.0,51902732.0
2010-07-12,5.87,6.03,5.9,5.85,815582.0,20954394.0
2010-07-13,5.9,5.9,5.79,5.72,324401.0,8104689.0
2010-07-14,5.78,6.0,5.87,5.78,470733.0,11981720.0
2010-07-15,5.55,5.69,5.48,5.39,2330774.0,55929724.0
2010-07-16,5.43,5.43,5.37,5.28,928969.0,21440340.0
2010-07-19,5.32,5.52,5.52,5.32,477254.0,11213590.0
2010-07-20,5.47,6.07,6.07,5.47,3476726.0,89242376.0
2010-07-21,6.06,6.39,6.18,5.97,3538184.0,95680520.0
2010-07-22,6.17,6.29,6.27,6.08,923541.0,24754518.0
2010-07-23,6.27,6.43,6.27,6.2,1159033.0,31620440.0
2010-07-26,6.28,6.38,6.34,6.13,1020607.0,27608006.0
2010-07-27,6.33,6.47,6.45,6.22,1049759.0,28969230.0
2010-07-28,6.45,6.67,6.61,6.36,957163.0,27141602.0
2010-07-29,6.59,6.7,6.51,6.46,1528077.0,43219184.0
2010-07-30,6.51,6.62,6.54,6.5,679411.0,19238644.0
2010-08-02,6.54,6.58,6.57,6.46,2064425.0,58377756.0
2010-08-03,6.61,6.72,6.55,6.55,1154809.0,33074474.0
2010-08-04,6.5,6.52,6.41,6.29,1509693.0,41553440.0
2010-08-05,6.43,6.55,6.54,6.34,1370963.0,38358312.0
2010-08-06,6.55,6.66,6.62,6.48,1978513.0,56538252.0
2010-08-09,6.63,7.19,7.09,6.63,2733342.0,82800976.0
2010-08-10,7.06,7.17,7.12,6.85,1737793.0,52554736.0
2010-08-11,7.05,7.13,6.94,6.83,1190455.0,35675444.0
2010-08-12,6.94,7.07,6.85,6.85,903410.0,27156948.0
2010-08-13,6.88,6.96,6.92,6.57,1092346.0,31875560.0
2010-08-16,6.83,7.17,7.15,6.73,1547692.0,46869712.0
2010-08-17,7.15,7.32,7.15,7.13,804082.0,25130496.0
2010-08-18,7.13,7.24,7.07,7.01,476759.0,14575716.0
2010-08-19,7.04,7.17,7.08,7.0,605251.0,18592658.0
2010-08-20,7.09,7.14,6.89,6.89,528310.0,15952086.0
2010-08-23,6.89,7.05,7.02,6.83,322302.0,9646245.0
2010-08-24,7.01,7.23,7.1,6.84,626251.0,19053606.0
2010-08-25,7.1,7.17,7.1,6.83,588626.0,17854058.0
2010-08-26,7.11,7.14,7.05,6.96,280839.0,8560441.0
2010-08-30,7.07,7.6,7.43,6.99,1099194.0,35092932.0
2010-08-31,7.44,7.59,7.47,7.33,801344.0,25972398.0
2010-09-01,7.47,7.61,7.31,7.22,563318.0,17997818.0
2010-09-02,7.36,7.89,7.63,7.33,1363293.0,45036188.0
2010-09-03,7.63,7.89,7.82,7.54,1161749.0,38805756.0
2010-09-06,7.85,8.01,7.82,7.68,1273716.0,43076572.0
2010-09-07,7.82,7.82,7.81,7.45,1004305.0,32793560.0
2010-09-08,7.75,7.82,7.77,7.55,790599.0,26195660.0
2010-09-09,7.92,7.92,7.62,7.54,1020919.0,33984748.0
2010-09-10,7.54,7.86,7.83,7.54,1448526.0,48472144.0
2010-09-13,8.1,8.12,7.86,7.73,1837469.0,62533404.0
2010-09-14,7.82,7.82,7.8,7.68,992523.0,33224218.0
2010-09-15,7.8,7.8,7.4,7.4,1221000.0,39795812.0
2010-09-16,7.53,7.55,7.01,6.71,2715295.0,81602408.0
2010-09-17,6.78,6.99,6.84,6.78,908728.0,26972646.0
2010-09-20,6.89,6.89,6.79,6.66,730049.0,21271310.0
2010-09-21,6.97,7.12,7.03,6.85,1371204.0,41348100.0
2010-09-27,7.03,7.15,7.14,7.0,775841.0,23657564.0
2010-09-28,7.1,7.1,6.92,6.83,669215.0,20158956.0
2010-09-29,6.95,7.02,6.99,6.78,664103.0,19960114.0
2010-09-30,6.99,6.99,6.95,6.76,299514.0,8930466.0
2010-10-08,6.96,7.07,7.0,6.89,773278.0,23432456.0
2010-10-11,7.0,7.49,7.36,7.0,2621921.0,83267432.0
2010-10-12,7.38,7.38,7.19,7.17,957050.0,29864220.0
2010-10-13,7.22,7.55,7.42,7.08,1313416.0,41942896.0
2010-10-14,7.54,7.54,6.98,6.98,1010012.0,31470354.0
2010-10-15,6.92,6.98,6.94,6.36,3023674.0,87344736.0
2010-10-18,6.89,6.89,6.57,6.48,1343360.0,38318092.0
2010-10-19,6.54,6.69,6.64,6.54,931508.0,26692484.0
2010-10-20,6.57,6.7,6.63,6.45,1028170.0,29206718.0
2010-10-21,6.64,6.69,6.54,6.48,1208558.0,34210828.0
2010-10-22,6.59,6.63,6.59,6.48,1360130.0,38318940.0
2010-10-25,6.61,6.83,6.72,6.61,2234594.0,64742108.0
2010-10-26,6.8,6.8,6.71,6.65,1496554.0,43359420.0
2010-10-27,6.72,6.83,6.77,6.66,1692388.0,49442164.0
2010-10-28,6.77,7.23,7.22,6.77,2859365.0,87207568.0
2010-10-29,7.17,7.17,7.0,6.62,2083747.0,62739048.0
2010-11-01,7.0,7.29,7.24,6.99,1863344.0,57730636.0
2010-11-02,7.29,7.97,7.75,7.25,4460999.0,149413696.0
2010-11-03,7.57,7.78,7.64,7.47,1872437.0,61738376.0
2010-11-04,7.52,7.75,7.6,7.52,1608885.0,52655164.0
2010-11-05,7.61,7.87,7.73,7.55,1560217.0,52146524.0
2010-11-08,7.73,7.98,7.9,7.63,1820116.0,61508668.0
2010-11-09,7.82,7.93,7.66,7.63,1480489.0,49484912.0
2010-11-10,7.54,7.77,7.64,7.54,1579237.0,52029560.0
2010-11-11,7.57,7.69,7.52,7.52,1567138.0,51350540.0
2010-11-12,7.5,7.52,7.0,6.98,1547588.0,48208732.0
2010-11-15,7.02,7.2,7.03,6.86,1328537.0,40424804.0
2010-11-17,6.83,7.03,6.67,6.57,1447232.0,42691476.0
2010-11-18,6.68,6.85,6.7,6.46,987016.0,28245776.0
2010-11-19,6.78,6.84,6.83,6.55,1137634.0,32996392.0
2010-11-22,6.84,7.17,7.05,6.76,947472.0,28840160.0
2010-11-23,7.06,7.08,6.96,6.76,749275.0,22435348.0
2010-11-24,6.92,7.16,7.1,6.88,825673.0,25057808.0
2010-11-25,7.11,7.37,7.06,7.0,859814.0,26643228.0
2010-11-26,7.01,7.35,7.35,7.01,1218322.0,38065604.0
2010-11-29,7.36,7.48,7.36,7.22,1259634.0,40172612.0
2010-11-30,7.32,7.51,7.36,6.88,1067169.0,33204366.0
2010-12-01,7.24,7.35,7.25,7.1,873451.0,27088470.0
2010-12-02,7.3,7.35,7.23,7.17,738726.0,23181704.0
2010-12-03,7.22,7.26,7.09,7.06,615321.0,18982436.0
2010-12-06,7.08,7.08,7.04,6.97,522144.0,15831257.0
2010-12-07,7.0,7.22,7.17,6.92,500949.0,15208812.0
2010-12-08,7.17,7.31,7.23,7.17,538856.0,16843212.0
2010-12-09,7.15,7.38,7.17,7.15,1763921.0,55581684.0
2010-12-10,7.06,7.37,7.24,6.97,903825.0,28124374.0
2010-12-13,7.25,7.57,7.49,7.24,1617806.0,52089400.0
2010-12-14,7.58,7.71,7.71,7.51,1437756.0,47545940.0
2010-12-15,7.71,7.94,7.9,7.64,2574603.0,86978320.0
2010-12-17,7.84,8.44,8.17,7.84,2338807.0,83091032.0
2010-12-20,8.31,8.31,7.93,7.8,1600893.0,55486012.0
2010-12-21,7.97,8.4,8.06,7.97,1445455.0,51230756.0
2010-12-22,8.06,8.17,7.95,7.91,1203858.0,41826376.0
2010-12-23,7.91,8.01,7.73,7.73,714551.0,24318232.0
2010-12-24,7.74,7.82,7.46,7.38,847046.0,27548394.0
2010-12-27,7.45,7.69,7.28,7.25,994049.0,32266390.0
2010-12-28,7.31,7.46,7.39,7.2,702119.0,22189596.0
2010-12-29,7.29,7.63,7.61,7.29,933497.0,30216838.0
2010-12-30,7.63,7.97,7.96,7.52,1226484.0,41577468.0
2010-12-31,7.96,8.1,8.07,7.86,1091941.0,37674904.0
2011-01-04,7.94,8.09,7.87,7.82,1207557.0,41099212.0
2011-01-05,7.86,7.95,7.82,7.75,497892.0,16873960.0
2011-01-06,7.82,7.89,7.79,7.77,380620.0,12878424.0
2011-01-07,7.84,7.84,7.65,7.52,964527.0,32020096.0
2011-01-10,7.64,7.64,7.29,7.17,1599050.0,50518316.0
2011-01-11,7.14,7.37,7.15,6.94,1828056.0,56283616.0
2011-01-12,7.16,7.43,7.41,7.1,517125.0,16245900.0
2011-01-13,7.5,7.5,7.29,7.2,394317.0,12481990.0
2011-01-14,7.21,7.26,6.91,6.91,737150.0,22370088.0
2011-01-17,7.06,7.06,6.63,6.41,1277803.0,36413404.0
2011-01-18,6.46,6.63,6.49,6.36,516334.0,14502813.0
2011-01-19,6.54,6.55,6.52,6.43,1184134.0,33171336.0
2011-01-20,6.52,6.53,6.15,6.02,1512648.0,41122388.0
2011-01-21,6.02,6.3,5.97,5.88,1907798.0,49625648.0
2011-01-24,5.93,5.97,5.57,5.57,1973638.0,48659324.0
2011-01-25,5.58,5.58,5.51,5.4,1313462.0,31287734.0
2011-01-26,5.57,5.98,5.97,5.57,2001232.0,50074948.0
2011-01-27,5.97,6.15,6.01,5.8,1077752.0,27901642.0
2011-01-28,5.99,6.2,6.1,5.95,926035.0,24220826.0
2011-01-31,5.9,6.27,6.21,5.9,681724.0,18190398.0
2011-02-01,6.22,6.26,6.15,6.11,477684.0,12758405.0
2011-02-09,6.13,6.31,6.25,5.98,659151.0,17775170.0
2011-02-10,6.29,6.83,6.66,6.29,1675794.0,48238264.0
2011-02-14,6.62,6.71,6.6,6.44,1489370.0,42306084.0
2011-02-15,6.55,6.64,6.46,6.46,1145109.0,32339030.0
2011-02-16,6.46,6.54,6.51,6.45,654783.0,18400174.0
2011-02-17,6.49,6.49,6.46,6.31,1260158.0,34795936.0
2011-02-18,6.41,6.79,6.66,6.4,1550138.0,44433744.0
2011-02-21,6.63,7.33,7.11,6.54,2269446.0,69142472.0
2011-02-22,7.1,7.63,7.32,7.1,3356166.0,107313824.0
2011-02-23,7.29,7.42,7.22,7.13,1003675.0,31482110.0
2011-02-24,7.15,7.35,7.17,7.13,1153636.0,35992304.0
2011-02-25,7.17,7.24,7.06,6.94,813871.0,24870908.0
2011-02-28,7.05,7.43,7.36,7.05,1633771.0,51685596.0
2011-03-01,7.4,7.42,7.29,7.21,1391061.0,43884996.0
2011-03-02,7.29,7.46,7.42,7.21,946952.0,30053648.0
2011-03-03,7.45,7.45,7.06,6.94,1282275.0,39824828.0
2011-03-04,7.06,7.17,6.83,6.8,1962870.0,58290892.0
2011-03-07,6.83,6.94,6.9,6.72,2356959.0,69336768.0
2011-03-08,6.86,7.03,6.99,6.8,937398.0,28114248.0
2011-03-09,6.94,7.02,6.89,6.81,921885.0,27571340.0
2011-03-10,6.83,7.29,7.21,6.83,1836963.0,56756368.0
2011-03-11,7.17,7.28,7.22,7.14,1829612.0,57015704.0
2011-03-14,7.2,7.4,7.33,7.17,1026695.0,32298628.0
2011-03-15,7.3,7.33,7.0,6.94,1069813.0,32974578.0
2011-03-16,7.03,7.31,7.24,7.03,1182943.0,37003312.0
2011-03-17,7.24,7.62,7.4,7.14,3058140.0,99048928.0
2011-03-18,7.4,7.61,7.32,7.31,2751627.0,89177960.0
2011-03-21,7.26,7.4,7.08,7.08,903824.0,28106950.0
2011-03-22,7.17,7.17,7.02,6.93,796544.0,24103022.0
2011-03-23,7.0,7.09,6.87,6.82,1218920.0,36599464.0
2011-03-24,6.87,6.99,6.96,6.36,2779565.0,81010112.0
2011-03-25,6.83,6.87,6.76,6.71,1570213.0,45987676.0
2011-03-28,6.77,6.85,6.64,6.64,1546485.0,45100652.0
2011-03-29,6.61,6.72,6.48,6.42,1174006.0,32968770.0
2011-03-30,6.48,6.51,6.36,6.34,1703132.0,47166808.0
2011-03-31,6.37,6.43,6.36,6.27,719858.0,19772578.0
2011-04-01,6.39,6.54,6.53,6.38,1887830.0,52968088.0
2011-04-06,6.54,6.61,6.34,6.29,1321210.0,36561740.0
2011-04-07,6.34,6.38,6.25,6.12,1680694.0,45214872.0
2011-04-08,6.3,6.51,6.34,6.26,2271250.0,62540320.0
2011-04-11,6.43,6.66,6.5,6.34,3118899.0,87796376.0
2011-04-12,6.52,6.79,6.74,6.5,2750309.0,79923752.0
2011-04-13,6.76,6.98,6.77,6.73,2375431.0,70291472.0
2011-04-14,6.83,6.89,6.71,6.66,2189963.0,63930564.0
2011-04-15,6.76,6.82,6.66,6.59,1632965.0,46821380.0
2011-04-18,6.62,6.79,6.76,6.54,1965676.0,56611084.0
2011-04-19,6.71,6.88,6.86,6.63,1419934.0,41589196.0
2011-04-20,6.83,6.96,6.91,6.83,1801757.0,53881388.0
2011-04-21,7.02,7.02,6.83,6.8,1165723.0,34584128.0
2011-04-22,6.83,6.86,6.75,6.72,811168.0,23756004.0
2011-04-25,6.73,6.81,6.48,6.46,1046892.0,29899048.0
2011-04-26,6.48,6.52,6.25,6.22,2422053.0,65863092.0
2011-04-27,6.26,6.35,6.29,6.24,694839.0,18870708.0
2011-04-29,6.22,6.29,6.29,6.03,1295140.0,34779560.0
2011-05-03,6.3,6.38,6.38,6.21,606036.0,16508491.0
2011-05-04,6.36,6.43,6.25,6.25,815589.0,22192802.0
2011-05-05,6.19,6.31,6.24,6.14,636664.0,17027910.0
2011-05-06,6.2,6.3,6.24,6.17,719877.0,19448472.0
2011-05-09,6.25,6.32,6.3,6.25,558572.0,15191138.0
2011-05-10,6.32,6.35,6.32,6.3,763524.0,20845880.0
2011-05-11,6.33,6.38,6.36,6.29,993584.0,27253184.0
2011-05-12,6.32,6.32,6.23,6.22,746564.0,20187732.0
2011-05-13,6.18,6.27,6.27,6.14,586438.0,15737709.0
2011-05-16,6.29,6.3,6.22,6.17,595905.0,16012593.0
2011-05-17,6.18,6.25,6.2,6.07,788470.0,20980756.0
2011-05-18,6.22,6.22,6.21,6.14,562393.0,15008502.0
2011-05-19,6.21,6.24,6.2,6.15,529998.0,14174815.0
2011-05-20,6.17,6.2,6.02,6.02,651585.0,17122418.0
2011-05-23,5.97,5.97,5.77,5.66,1494725.0,37211252.0
2011-05-24,5.77,5.78,5.73,5.7,540587.0,13418510.0
2011-05-25,5.75,5.81,5.78,5.7,584400.0,14586425.0
2011-05-26,5.78,5.87,5.77,5.71,304588.0,7601220.0
2011-05-27,5.75,5.78,5.67,5.6,502527.0,12289595.0
2011-05-30,5.67,5.67,5.41,5.38,1203949.0,28531428.0
2011-05-31,5.4,5.53,5.51,5.37,701201.0,16453685.0
2011-06-01,5.51,5.69,5.64,5.44,595682.0,14361974.0
2011-06-02,5.58,5.58,5.53,5.46,391314.0,9323829.0
2011-06-03,5.55,5.63,5.59,5.53,565701.0,13676163.0
2011-06-07,5.7,5.71,5.63,5.61,594054.0,14548570.0
2011-06-09,5.73,5.78,5.56,5.55,579347.0,14107583.0
2011-06-10,5.55,5.67,5.66,5.55,602382.0,14572065.0
2011-06-13,5.66,5.8,5.77,5.41,898174.0,13689828.0
2011-06-14,5.75,6.02,5.9,5.75,2546463.0,40475364.0
2011-06-15,5.9,6.2,5.93,5.9,2438623.0,39715004.0
2011-06-16,5.87,5.95,5.74,5.71,865866.0,13511338.0
2011-06-17,5.66,5.81,5.69,5.57,629544.0,9605829.0
2011-06-20,5.69,5.69,5.55,5.44,719681.0,10650856.0
2011-06-21,5.48,5.63,5.55,5.44,930397.0,13720754.0
2011-06-22,5.55,5.56,5.54,5.46,1033336.0,15218068.0
2011-06-23,5.54,5.65,5.65,5.45,1259439.0,18778460.0
2011-06-24,5.63,5.83,5.82,5.6,2993955.0,46335564.0
2011-06-27,5.82,6.11,6.03,5.75,2793449.0,44370680.0
2011-06-28,6.02,6.02,5.91,5.82,2279715.0,35961576.0
2011-06-29,5.92,5.94,5.82,5.76,1775257.0,27753652.0
2011-06-30,5.85,5.96,5.95,5.78,2956069.0,46532536.0
2011-07-01,6.01,6.11,6.03,5.97,3112470.0,50521164.0
2011-07-04,6.01,6.21,6.16,6.01,2896415.0,47711524.0
2011-07-05,6.25,6.3,6.14,6.11,2058655.0,34213908.0
2011-07-06,6.12,6.2,6.19,6.09,2402093.0,39499604.0
2011-07-07,6.21,6.38,6.33,6.19,4815051.0,81389728.0
2011-07-08,6.3,6.37,6.33,6.21,2355975.0,39683500.0
2011-07-11,6.29,6.31,6.28,6.2,1818260.0,30477656.0
2011-07-12,6.23,6.27,6.15,6.13,1809497.0,29962032.0
2011-07-13,6.15,6.31,6.28,6.15,1574760.0,26454484.0
2011-07-14,6.49,6.49,6.32,6.24,2576647.0,43765840.0
2011-07-15,6.31,6.39,6.35,6.27,1608400.0,27259930.0
2011-07-18,6.34,6.38,6.23,6.2,2605721.0,43916440.0
2011-07-19,6.16,6.25,5.97,5.96,3904906.0,63030616.0
2011-07-20,6.0,6.12,6.05,5.97,2443637.0,39602016.0
2011-07-21,6.08,6.09,5.98,5.97,1016997.0,16358702.0
2011-07-22,6.01,6.02,5.95,5.93,1240347.0,19850284.0
2011-07-25,5.96,5.96,5.68,5.67,1696100.0,26275244.0
2011-07-26,5.68,5.72,5.67,5.59,1241084.0,18813008.0
2011-07-27,5.87,6.24,6.24,5.87,10028029.0,164629584.0
2011-07-28,6.07,6.14,6.08,5.94,6701556.0,108654968.0
2011-07-29,6.02,6.07,5.87,5.85,3235841.0,51413828.0
2011-08-01,5.84,5.96,5.88,5.72,2151153.0,33782228.0
2011-08-02,5.82,5.84,5.71,5.59,2728599.0,41571472.0
2011-08-03,5.67,5.78,5.73,5.59,2131244.0,32479790.0
2011-08-04,5.73,5.77,5.74,5.67,1438275.0,22089450.0
2011-08-05,5.45,5.65,5.63,5.45,1870844.0,28052056.0
2011-08-08,5.54,5.63,5.34,5.24,1904580.0,27759816.0
2011-08-09,5.17,5.43,5.4,5.08,1997325.0,28100850.0
2011-08-10,5.5,5.68,5.47,5.44,2733586.0,40770844.0
2011-08-11,5.39,5.56,5.51,5.32,1787214.0,26116616.0
2011-08-12,5.56,5.7,5.6,5.53,2450624.0,36867128.0
2011-08-15,5.67,5.68,5.67,5.56,2240062.0,33815156.0
2011-08-16,5.67,5.69,5.67,5.6,1608687.0,24344766.0
2011-08-17,5.62,5.8,5.72,5.56,2492340.0,38081140.0
2011-08-18,5.71,5.71,5.52,5.5,2040119.0,30536842.0
2011-08-19,5.37,5.45,5.41,5.35,1032140.0,14931356.0
2011-08-22,5.41,5.6,5.44,5.41,793299.0,11646017.0
2011-08-23,5.51,5.55,5.53,5.44,781757.0,11506382.0
2011-08-24,5.58,5.61,5.55,5.52,1416974.0,21156604.0
2011-08-25,5.58,5.7,5.69,5.55,2338264.0,35282352.0
2011-08-29,5.63,5.8,5.75,5.6,2180697.0,33490926.0
2011-08-30,5.75,5.81,5.63,5.63,1921089.0,29534626.0
2011-08-31,5.65,5.68,5.59,5.52,895597.0,13418713.0
2011-09-01,5.55,5.65,5.5,5.41,1162415.0,17159344.0
2011-09-02,5.49,5.52,5.44,5.38,617837.0,9011168.0
2011-09-05,5.46,5.52,5.37,5.37,1259251.0,18377566.0
2011-09-06,5.34,5.43,5.27,5.26,958893.0,13643841.0
2011-09-07,5.37,5.49,5.49,5.29,1214342.0,17567296.0
2011-09-08,5.49,5.56,5.44,5.43,764574.0,11245487.0
2011-09-09,5.44,5.52,5.39,5.34,999237.0,14323293.0
2011-09-13,5.29,5.31,5.2,5.16,1065227.0,14779117.0
2011-09-14,5.21,5.34,5.25,5.1,1014590.0,13993606.0
2011-09-15,5.27,5.37,5.28,5.24,2177166.0,30632282.0
2011-09-16,5.29,5.32,5.23,5.22,1275002.0,17898162.0
2011-09-19,5.19,5.22,5.1,5.08,729038.0,9982723.0
2011-09-20,5.05,5.17,5.12,5.04,881196.0,11937801.0
2011-09-21,5.15,5.28,5.26,5.07,1312267.0,18136850.0
2011-09-22,5.22,5.22,5.12,5.04,3255610.0,44220648.0
2011-09-23,5.0,5.08,5.0,4.92,2227191.0,29471306.0
2011-09-26,4.99,5.04,4.88,4.84,1294456.0,16910692.0
2011-09-27,4.94,4.94,4.88,4.82,899306.0,11659702.0
2011-09-28,4.94,4.94,4.78,4.76,1361170.0,17565242.0
2011-09-29,4.73,4.78,4.56,4.56,1534423.0,18874654.0
2011-09-30,4.62,4.63,4.5,4.48,941580.0,11306681.0
2011-10-10,4.55,4.6,4.52,4.5,660806.0,7969833.0
2011-10-11,4.65,4.7,4.51,4.48,782229.0,9532364.0
2011-10-12,4.53,4.7,4.67,4.46,1421999.0,17485074.0
2011-10-13,4.67,4.73,4.7,4.67,1740528.0,21722170.0
2011-10-14,4.71,4.82,4.74,4.67,2159304.0,27251768.0
2011-10-17,4.78,4.82,4.7,4.67,2616093.0,32995514.0
2011-10-18,4.7,4.7,4.48,4.47,1474202.0,17911728.0
2011-10-19,4.48,4.53,4.43,4.42,1426108.0,16882784.0
2011-10-20,4.4,4.42,4.26,4.23,1349734.0,15354934.0
2011-10-21,4.27,4.29,4.2,4.06,1630746.0,18087676.0
2011-10-24,4.07,4.1,3.88,3.78,5199868.0,53266916.0
2011-10-25,3.8,3.97,3.95,3.8,4269682.0,44362448.0
2011-10-26,3.91,4.03,4.01,3.89,4442470.0,46947368.0
2011-10-27,4.02,4.06,4.0,3.97,3294548.0,35137172.0
2011-10-28,4.03,4.12,4.12,3.99,3958546.0,42568804.0
2011-10-31,4.12,4.22,4.2,4.07,3099482.0,34064304.0
2011-11-01,4.13,4.21,4.16,4.1,2373340.0,26182090.0
2011-11-02,4.06,4.26,4.26,4.0,4362695.0,47750436.0
2011-11-03,4.27,4.46,4.32,4.25,7712487.0,89081896.0
2011-11-04,4.33,4.44,4.43,4.32,4031925.0,47034524.0
2011-11-07,4.35,4.59,4.48,4.35,6451204.0,75796992.0
2011-11-08,4.43,4.54,4.39,4.37,3654463.0,43223496.0
2011-11-09,4.39,4.59,4.58,4.38,8794978.0,104870688.0
2011-11-11,4.56,4.91,4.71,4.46,13990054.0,174022592.0
2011-11-14,4.7,5.08,4.99,4.63,14045417.0,179965088.0
2011-11-15,5.0,5.26,5.06,4.89,19003096.0,253417408.0
2011-11-16,5.08,5.22,5.03,4.92,13700566.0,183348976.0
2011-11-17,5.06,5.11,5.01,4.91,9191175.0,122206656.0
2011-11-18,4.98,5.03,4.97,4.75,9465474.0,123470048.0
2011-11-21,5.0,5.22,5.18,4.85,16108542.0,216783600.0
2011-11-22,5.16,5.3,5.23,5.03,22527048.0,312522496.0
2011-11-23,5.28,5.36,5.25,5.09,23262680.0,322395136.0
2011-11-24,5.16,5.42,5.31,5.04,22220664.0,310388672.0
2011-11-25,5.36,5.4,5.22,5.13,20566186.0,285484928.0
2011-11-28,5.19,5.19,5.1,4.76,17610696.0,235512352.0
2011-11-29,5.14,5.26,5.06,4.93,17501384.0,234761216.0
2011-11-30,5.1,5.1,4.85,4.71,11995451.0,154609040.0
2011-12-01,4.98,5.07,4.78,4.77,11983241.0,154567408.0
2011-12-02,4.65,4.65,4.3,4.3,8992973.0,105721144.0
2011-12-05,4.29,4.29,3.94,3.94,5946120.0,64141016.0
2011-12-06,3.91,4.09,4.06,3.86,5122272.0,54616240.0
2011-12-07,4.06,4.08,4.0,3.95,2843689.0,30321908.0
2011-12-08,3.96,4.08,4.02,3.92,3854146.0,41141944.0
2011-12-09,3.97,4.04,3.95,3.92,2423499.0,25598210.0
2011-12-12,3.97,3.97,3.85,3.85,2371275.0,24547648.0
2011-12-13,3.81,3.84,3.59,3.57,3995811.0,38832012.0
2011-12-14,3.57,3.65,3.48,3.46,2943113.0,27803890.0
2011-12-15,3.48,3.48,3.37,3.35,3655203.0,33147552.0
2011-12-16,3.37,3.53,3.52,3.35,3566140.0,32634258.0
2011-12-19,3.5,3.51,3.49,3.37,3150634.0,28876254.0
2011-12-20,3.48,3.53,3.44,3.44,3100639.0,28788572.0
2011-12-21,3.48,3.52,3.32,3.32,2788423.0,25433488.0
2011-12-22,3.2,3.26,3.18,3.06,3822643.0,32125244.0
2011-12-23,3.16,3.25,3.2,3.13,2569762.0,21877224.0
2011-12-26,3.18,3.27,3.22,3.16,1797185.0,15400528.0
2011-12-27,3.21,3.22,3.06,3.06,2277339.0,18870440.0
2011-12-29,3.05,3.1,3.06,3.03,1581700.0,12915026.0
2011-12-30,3.06,3.15,3.12,3.05,3081775.0,25509936.0
2012-01-04,3.15,3.21,3.11,3.11,2755647.0,23135984.0
2012-01-05,3.08,3.08,2.94,2.93,2200749.0,17478632.0
2012-01-06,2.95,2.97,2.94,2.84,1904061.0,14627228.0
2012-01-09,2.91,3.13,3.13,2.91,3351973.0,27078104.0
2012-01-10,3.12,3.31,3.28,3.09,4378133.0,37497104.0
2012-01-11,3.24,3.25,3.2,3.16,6410967.0,54558032.0
2012-01-12,3.19,3.26,3.18,3.16,3444152.0,29343848.0
2012-01-16,3.0,3.0,2.86,2.86,4565324.0,35298512.0
2012-01-17,2.86,3.03,2.98,2.84,3170809.0,24829832.0
2012-01-18,2.99,3.04,2.92,2.91,2621838.0,20804196.0
2012-01-19,2.92,2.97,2.95,2.9,2030716.0,15834237.0
2012-01-20,2.95,3.01,3.01,2.94,2120099.0,16775938.0
2012-01-30,3.01,3.07,3.03,2.99,2389892.0,19284660.0
2012-01-31,3.02,3.04,3.01,2.97,1694950.0,13487528.0
2012-02-01,2.99,3.03,2.99,2.97,1788410.0,14305326.0
2012-02-02,3.01,3.29,3.29,3.01,8189030.0,69016232.0
2012-02-03,3.34,3.62,3.59,3.34,18915224.0,177549984.0
2012-02-07,3.48,3.5,3.46,3.4,9746780.0,89233824.0
2012-02-08,3.42,3.51,3.5,3.42,7526960.0,69339840.0
2012-02-09,3.49,3.6,3.48,3.47,7921831.0,74455552.0
2012-02-10,3.47,3.61,3.58,3.42,7598366.0,71660768.0
2012-02-13,3.54,3.74,3.64,3.5,8314250.0,80488840.0
2012-02-14,3.61,3.68,3.55,3.52,5873113.0,55697060.0
2012-02-15,3.55,3.62,3.6,3.51,5247205.0,49921584.0
2012-02-16,3.6,3.72,3.69,3.55,8502491.0,82502800.0
2012-02-17,3.63,3.71,3.62,3.58,5067537.0,48915116.0
2012-02-20,3.69,3.69,3.57,3.57,5289311.0,50910884.0
2012-02-21,3.54,3.61,3.61,3.5,4730898.0,44673268.0
2012-02-22,3.61,3.76,3.74,3.58,9221482.0,90448376.0
2012-02-23,3.75,3.83,3.74,3.67,8909468.0,88877360.0
2012-02-24,3.74,3.78,3.77,3.7,5317755.0,52849732.0
2012-02-27,3.78,3.85,3.77,3.76,7190978.0,72598928.0
2012-02-28,3.74,3.75,3.67,3.61,6095347.0,59638080.0
2012-02-29,3.65,3.68,3.64,3.59,3412845.0,33039182.0
2012-03-01,3.63,3.71,3.66,3.62,3177152.0,30864516.0
2012-03-02,3.67,3.73,3.72,3.66,4750106.0,46771772.0
2012-03-05,3.74,3.79,3.7,3.69,5297125.0,52702280.0
2012-03-06,3.71,3.71,3.58,3.57,5942964.0,56912412.0
2012-03-07,3.54,3.59,3.5,3.5,5461730.0,51345552.0
2012-03-08,3.53,3.58,3.57,3.51,4014621.0,37916596.0
2012-03-09,3.59,3.63,3.62,3.53,4573850.0,43544472.0
2012-03-12,3.64,3.66,3.6,3.57,5581768.0,53599984.0
2012-03-13,3.61,3.73,3.73,3.51,9187792.0,88232832.0
2012-03-14,3.75,3.83,3.56,3.51,12955357.0,128300240.0
2012-03-15,3.54,3.56,3.46,3.39,7474694.0,68944744.0
2012-03-16,3.46,3.53,3.52,3.41,4059389.0,37516808.0
2012-03-19,3.52,3.56,3.56,3.48,3853352.0,36040868.0
2012-03-20,3.56,3.56,3.44,3.42,3488555.0,32175814.0
2012-03-21,3.45,3.5,3.48,3.41,2436780.0,22458696.0
2012-03-22,3.5,3.5,3.45,3.42,2106357.0,19310922.0
2012-03-23,3.44,3.56,3.46,3.44,3903645.0,36232568.0
2012-03-26,3.48,3.48,3.44,3.41,2195600.0,20107156.0
2012-03-27,3.44,3.48,3.45,3.44,1812336.0,16622540.0
2012-03-28,3.45,3.45,3.32,3.24,4609744.0,40696384.0
2012-03-29,3.29,3.29,3.1,3.03,2571293.0,21596812.0
2012-04-05,3.05,3.17,3.15,3.05,3345337.0,27819128.0
2012-04-06,3.16,3.17,3.15,3.12,2312584.0,19358144.0
2012-04-09,3.15,3.15,3.06,3.05,1988520.0,16370758.0
2012-04-10,3.03,3.11,3.1,2.99,2271812.0,18381284.0
2012-04-11,3.07,3.1,3.09,3.05,1821257.0,14893838.0
2012-04-12,3.1,3.17,3.17,3.08,2906967.0,24228502.0
2012-04-13,3.23,3.48,3.48,3.23,12789756.0,117669792.0
2012-04-16,3.5,3.59,3.54,3.47,14930306.0,140027552.0
2012-04-17,3.5,3.51,3.41,3.39,6500197.0,59360064.0
2012-04-18,3.4,3.47,3.46,3.32,9354873.0,84539256.0
2012-04-19,3.42,3.42,3.39,3.35,7258339.0,65318104.0
2012-04-20,3.36,3.41,3.38,3.35,6352701.0,57104200.0
2012-04-23,3.38,3.42,3.28,3.27,5963588.0,53221932.0
2012-04-24,3.21,3.27,3.14,3.02,8456134.0,70700512.0
2012-04-25,3.14,3.18,3.16,3.07,4752476.0,39543560.0
2012-04-26,3.16,3.44,3.33,3.16,9393013.0,82429336.0
2012-04-27,3.3,3.33,3.23,3.21,4384245.0,37902992.0
2012-05-02,3.28,3.38,3.33,3.24,4774955.0,42112720.0
2012-05-03,3.33,3.41,3.36,3.32,4349572.0,38879188.0
2012-05-04,3.36,3.4,3.39,3.3,5105431.0,45680136.0
2012-05-07,3.35,3.37,3.35,3.27,5056658.0,44657080.0
2012-05-08,3.35,3.4,3.4,3.3,5266803.0,46975736.0
2012-05-09,3.36,3.36,3.29,3.29,3875418.0,34200372.0
2012-05-10,3.32,3.38,3.36,3.3,3926061.0,34885044.0
2012-05-14,3.42,3.44,3.3,3.29,5210575.0,46650732.0
2012-05-15,3.23,3.24,3.2,3.13,4230837.0,35696928.0
2012-05-16,3.19,3.22,3.15,3.13,2003947.0,16911592.0
2012-05-17,3.15,3.19,3.19,3.12,2914535.0,24530928.0
2012-05-18,3.16,3.21,3.12,3.09,2665596.0,22372660.0
2012-05-21,3.12,3.15,3.12,3.08,1715655.0,14206161.0
2012-05-22,3.14,3.19,3.19,3.14,2736817.0,22979936.0
2012-05-24,3.12,3.16,3.13,3.12,2796177.0,23317462.0
2012-05-25,3.13,3.16,3.08,3.07,2134109.0,17676718.0
2012-05-28,3.09,3.2,3.2,3.02,3914595.0,32223766.0
2012-05-29,3.24,3.25,3.24,3.17,4901275.0,41910632.0
2012-05-30,3.21,3.23,3.19,3.18,3237544.0,27508960.0
2012-05-31,3.21,3.25,3.21,3.17,3454683.0,29494036.0
2012-06-01,3.22,3.26,3.18,3.16,3285837.0,28023928.0
2012-06-04,3.1,3.13,3.04,3.04,3412950.0,27914962.0
2012-06-05,3.04,3.07,3.04,3.03,2002164.0,16198865.0
2012-06-06,3.06,3.07,3.07,3.03,1876271.0,15213679.0
2012-06-07,3.11,3.13,3.1,3.06,2600375.0,21460076.0
2012-06-08,3.11,3.14,3.1,3.07,1709050.0,14097985.0
2012-06-11,3.1,3.16,3.15,3.07,2433463.0,20166144.0
2012-06-12,3.12,3.14,3.12,3.1,1534197.0,12742968.0
2012-06-13,3.13,3.19,3.19,3.12,4393169.0,37018416.0
2012-06-14,3.2,3.27,3.2,3.19,6565485.0,56211288.0
2012-06-15,3.22,3.25,3.23,3.18,3825186.0,32674704.0
2012-06-18,3.23,3.25,3.21,3.18,3597393.0,30290980.0
2012-06-19,3.22,3.35,3.29,3.2,7239033.0,62099156.0
2012-06-20,3.3,3.34,3.25,3.23,4906564.0,42207944.0
2012-06-21,3.23,3.23,3.12,3.12,3187010.0,26375744.0
2012-06-25,3.1,3.14,3.07,3.07,2072817.0,16774660.0
2012-06-26,3.07,3.08,3.08,2.96,2220348.0,17565476.0
2012-06-27,3.06,3.11,3.0,2.98,2466685.0,19699354.0
2012-06-28,3.02,3.05,2.95,2.95,1694159.0,13325021.0
2012-06-29,2.93,2.99,2.96,2.9,2997389.0,23198038.0
2012-07-02,3.0,3.02,2.99,2.97,2961843.0,23196940.0
2012-07-03,2.99,3.01,2.98,2.97,2660866.0,20829576.0
2012-07-04,2.99,3.0,2.98,2.96,2494558.0,19470786.0
2012-07-05,2.98,2.98,2.84,2.84,3329759.0,25121690.0
2012-07-06,2.86,2.88,2.87,2.73,4024195.0,29610752.0
2012-07-09,2.83,2.86,2.72,2.72,4004094.0,29179294.0
2012-07-10,2.72,2.86,2.83,2.71,6474283.0,47424268.0
2012-07-11,2.81,2.85,2.78,2.72,6534616.0,47351664.0
2012-07-12,2.75,2.84,2.83,2.75,4553835.0,33506050.0
2012-07-13,2.82,2.85,2.8,2.78,3272810.0,24085926.0
2012-07-16,2.8,2.81,2.64,2.63,3862867.0,27480018.0
2012-07-17,2.62,2.72,2.7,2.6,2737807.0,19112926.0
2012-07-18,2.7,2.93,2.87,2.68,8330776.0,61564888.0
2012-07-19,2.86,2.89,2.84,2.82,6306914.0,47125672.0
2012-07-20,2.84,2.86,2.8,2.76,3866031.0,28507496.0
2012-07-23,2.78,2.86,2.83,2.74,3855369.0,28379666.0
2012-07-24,2.79,2.85,2.82,2.79,2895360.0,21419640.0
2012-07-25,2.8,2.84,2.77,2.77,2426356.0,17849268.0
2012-07-26,2.79,2.81,2.75,2.73,2634694.0,19142542.0
2012-07-27,2.77,2.78,2.75,2.73,2267128.0,16333634.0
2012-07-30,2.76,2.76,2.65,2.64,2718244.0,19141708.0
2012-07-31,2.63,2.76,2.69,2.63,3555034.0,25239926.0
2012-08-01,2.69,2.74,2.72,2.66,3028072.0,21499314.0
2012-08-02,2.72,2.73,2.68,2.66,1997486.0,14119784.0
2012-08-03,2.7,2.77,2.77,2.67,2547804.0,18148136.0
2012-08-06,2.75,2.84,2.84,2.74,3452603.0,25356398.0
2012-08-07,2.84,2.88,2.87,2.82,3636023.0,27106566.0
2012-08-08,2.93,2.93,2.87,2.84,5988225.0,45278104.0
2012-08-09,2.85,2.91,2.9,2.84,3990070.0,30153238.0
2012-08-10,2.9,2.93,2.9,2.88,3405887.0,25878208.0
2012-08-13,2.91,3.14,2.97,2.91,13325808.0,105678264.0
2012-08-14,3.05,3.27,3.27,3.04,30375392.0,255998496.0
2012-08-15,3.29,3.35,3.33,3.19,28189672.0,242787568.0
2012-08-16,3.26,3.27,3.19,3.14,11564704.0,96895208.0
2012-08-17,3.19,3.3,3.27,3.11,13840620.0,116604824.0
2012-08-20,3.28,3.34,3.3,3.18,12475745.0,106491768.0
2012-08-21,3.26,3.33,3.27,3.22,13589727.0,116233632.0
2012-08-22,3.25,3.28,3.16,3.16,9106546.0,76499600.0
2012-08-23,3.14,3.35,3.35,3.11,15080315.0,128278856.0
2012-08-24,3.32,3.47,3.28,3.27,20986868.0,185553232.0
2012-08-27,3.18,3.19,3.09,3.06,10316934.0,84286256.0
2012-08-28,3.08,3.14,3.08,3.0,7164596.0,57676908.0
2012-08-29,3.08,3.1,3.04,3.0,4515106.0,36100300.0
2012-08-30,3.01,3.11,3.04,2.94,5603011.0,44767608.0
2012-08-31,3.02,3.13,3.09,3.02,4718589.0,38017952.0
2012-09-03,3.07,3.27,3.24,3.05,8486151.0,70832648.0
2012-09-04,3.23,3.27,3.14,3.12,9348596.0,78103904.0
2012-09-05,3.13,3.2,3.14,3.11,5566048.0,45900408.0
2012-09-06,3.14,3.2,3.12,3.07,6134860.0,50087080.0
2012-09-07,3.15,3.28,3.22,3.13,10718881.0,90140112.0
2012-09-10,3.21,3.38,3.29,3.2,12727154.0,110269504.0
2012-09-11,3.26,3.33,3.29,3.24,6889328.0,59177756.0
2012-09-12,3.31,3.33,3.27,3.22,6860246.0,58668280.0
2012-09-13,3.28,3.31,3.17,3.16,6032659.0,51402968.0
2012-09-14,3.18,3.21,3.12,3.1,6919222.0,56946668.0
2012-09-17,3.11,3.11,3.0,3.0,5608278.0,44821820.0
2012-09-18,2.99,3.05,3.03,2.99,3372449.0,26685860.0
2012-09-19,3.03,3.11,3.1,3.03,3608958.0,29153322.0
2012-09-20,3.09,3.09,2.9,2.86,5017995.0,39288304.0
2012-09-21,2.9,2.96,2.9,2.89,2805381.0,21472472.0
2012-09-24,2.86,2.93,2.9,2.81,2301818.0,17288564.0
2012-09-25,2.91,2.93,2.84,2.81,2297836.0,17287554.0
2012-09-26,2.84,2.85,2.73,2.72,2663472.0,19253796.0
2012-09-27,2.75,2.85,2.84,2.73,2834374.0,20767230.0
2012-09-28,2.83,2.88,2.87,2.8,2674740.0,19992250.0
2012-10-08,2.87,2.9,2.88,2.86,1854119.0,13951668.0
2012-10-09,2.88,2.96,2.95,2.88,3097411.0,23811908.0
2012-10-10,2.94,3.03,3.0,2.92,4352970.0,33953492.0
2012-10-11,2.99,3.01,2.93,2.92,2708423.0,21051482.0
2012-10-12,2.94,2.98,2.94,2.9,2375309.0,18264252.0
2012-10-15,2.96,2.96,2.87,2.84,2022013.0,15306160.0
2012-10-16,2.88,2.93,2.88,2.85,1640117.0,12466954.0
2012-10-17,2.9,2.99,2.96,2.9,2778129.0,21444130.0
2012-10-18,2.96,3.03,3.01,2.96,3681710.0,28986936.0
2012-10-19,3.01,3.01,2.98,2.97,1898318.0,14845250.0
2012-10-22,2.95,2.99,2.99,2.93,1479195.0,11452874.0
2012-10-23,2.98,3.03,2.93,2.92,1979093.0,15417396.0
2012-10-24,2.92,2.93,2.87,2.86,2485309.0,18830178.0
2012-10-25,2.87,2.9,2.86,2.85,1550174.0,11676236.0
2012-10-26,2.86,2.88,2.81,2.79,1806621.0,13404549.0
2012-10-29,2.8,2.86,2.83,2.8,1081252.0,8006876.0
2012-10-30,2.83,2.89,2.89,2.82,1747739.0,13085367.0
2012-10-31,2.89,2.9,2.89,2.86,1372262.0,10332958.0
2012-11-01,2.9,2.96,2.95,2.88,2383275.0,18327532.0
2012-11-02,2.95,2.97,2.93,2.9,1669645.0,12817889.0
2012-11-05,2.91,2.94,2.92,2.85,2481823.0,18809706.0
2012-11-06,2.9,2.91,2.83,2.78,2863056.0,21196134.0
2012-11-07,2.83,2.85,2.83,2.8,1451318.0,10728991.0
2012-11-08,2.82,2.82,2.75,2.75,1614250.0,11716752.0
2012-11-09,2.75,2.78,2.77,2.74,930809.0,6734442.0
2012-11-12,2.78,2.8,2.8,2.76,1188785.0,8670285.0
2012-11-13,2.81,2.83,2.74,2.74,1722338.0,12497688.0
2012-11-14,2.73,2.75,2.74,2.69,1715159.0,12200108.0
2012-11-15,2.72,2.74,2.69,2.69,1222675.0,8668834.0
2012-11-16,2.68,2.69,2.67,2.63,1158127.0,8043229.0
2012-11-19,2.68,2.69,2.69,2.65,766173.0,5361671.0
2012-11-20,2.7,2.71,2.68,2.67,1045908.0,7365308.0
2012-11-21,2.67,2.7,2.7,2.64,1691038.0,11848713.0
2012-11-22,2.7,2.7,2.68,2.66,1086166.0,7613048.0
2012-11-23,2.65,2.69,2.68,2.64,1189028.0,8334524.0
2012-11-26,2.69,2.69,2.67,2.66,1003052.0,7036115.0
2012-11-27,2.67,2.67,2.51,2.5,2188033.0,14665175.0
2012-11-28,2.5,2.53,2.43,2.41,1705730.0,10896322.0
2012-11-29,2.43,2.47,2.41,2.41,1624972.0,10380515.0
2012-11-30,2.4,2.44,2.43,2.39,1335422.0,8472117.0
2012-12-03,2.42,2.43,2.3,2.3,2398714.0,14860125.0
2012-12-04,2.3,2.37,2.35,2.24,1850455.0,11174932.0
2012-12-05,2.35,2.46,2.42,2.33,2990837.0,18957034.0
2012-12-06,2.43,2.44,2.41,2.38,2235906.0,14085637.0
2012-12-07,2.41,2.54,2.51,2.39,3777454.0,24548904.0
2012-12-10,2.51,2.65,2.63,2.51,6387849.0,43421828.0
2012-12-11,2.62,2.74,2.65,2.59,7490218.0,52495116.0
2012-12-12,2.64,2.66,2.61,2.57,3443200.0,23528338.0
2012-12-13,2.62,2.63,2.61,2.57,2116548.0,14398215.0
2012-12-14,2.61,2.73,2.71,2.59,5831299.0,40870096.0
2012-12-17,2.71,2.73,2.69,2.67,5119869.0,36129436.0
2012-12-18,2.7,2.72,2.68,2.67,3059675.0,21525422.0
2012-12-19,2.95,2.95,2.95,2.95,3092163.0,23840576.0
2012-12-20,3.01,3.01,2.91,2.89,12022950.0,92831960.0
2012-12-21,2.92,3.01,2.93,2.9,7720407.0,59645580.0
2012-12-24,2.9,2.94,2.91,2.87,3183049.0,24234890.0
2012-12-25,2.89,2.98,2.96,2.89,6451510.0,49945868.0
2012-12-26,2.96,2.98,2.97,2.93,4885647.0,37745400.0
2012-12-27,2.97,3.08,3.04,2.91,9947645.0,78582184.0
2012-12-28,3.02,3.03,3.01,2.98,4911505.0,38619872.0
2012-12-31,3.01,3.04,3.01,3.0,3443325.0,27191874.0
2013-01-04,3.03,3.05,2.99,2.98,3639872.0,28586298.0
2013-01-07,2.99,3.02,3.01,2.97,4408248.0,34598204.0
2013-01-08,3.02,3.13,3.12,3.0,9513243.0,76782256.0
2013-01-09,3.13,3.23,3.09,3.04,6866325.0,56302676.0
2013-01-10,3.1,3.14,3.11,3.06,4353605.0,35507320.0
2013-01-11,3.1,3.13,2.99,2.98,4723456.0,37574384.0
2013-01-14,2.98,3.14,3.12,2.98,5706769.0,46029904.0
2013-01-15,3.11,3.32,3.23,3.1,8843064.0,74224016.0
2013-01-16,3.21,3.26,3.18,3.14,5713988.0,47646708.0
2013-01-17,3.17,3.32,3.25,3.17,8622761.0,73494768.0
2013-01-18,3.25,3.36,3.32,3.25,8044241.0,69917704.0
2013-01-21,3.32,3.36,3.29,3.28,5180579.0,44840100.0
2013-01-22,3.33,3.35,3.22,3.2,6144137.0,52838216.0
2013-01-23,3.21,3.25,3.22,3.18,3995442.0,33566040.0
2013-01-24,3.54,3.54,3.32,3.27,18776352.0,168247600.0
2013-01-25,3.25,3.26,3.21,3.14,9471491.0,79211288.0
2013-01-28,3.17,3.38,3.36,3.17,6951676.0,59427208.0
2013-01-29,3.36,3.49,3.43,3.32,9391303.0,83322872.0
2013-01-30,3.43,3.48,3.41,3.34,6161878.0,55020316.0
2013-01-31,3.38,3.43,3.38,3.34,3343287.0,29486272.0
2013-02-01,3.4,3.47,3.42,3.39,4796902.0,42943412.0
2013-02-04,3.45,3.46,3.44,3.29,5453508.0,48229224.0
2013-02-05,3.42,3.43,3.41,3.34,2242866.0,19967610.0
2013-02-06,3.41,3.42,3.38,3.36,3298196.0,29290580.0
2013-02-07,3.36,3.41,3.39,3.35,2637814.0,23346350.0
2013-02-08,3.38,3.46,3.42,3.37,2835007.0,25377570.0
2013-02-18,3.43,3.45,3.42,3.4,2932727.0,26302824.0
2013-02-19,3.42,3.42,3.29,3.27,3890471.0,33892104.0
2013-02-20,3.29,3.34,3.34,3.27,2687027.0,23285350.0
2013-02-21,3.33,3.33,3.27,3.24,3107190.0,26672376.0
2013-02-22,3.25,3.28,3.24,3.23,2282002.0,19413766.0
2013-02-25,3.24,3.29,3.29,3.22,2366367.0,20197866.0
2013-02-26,3.25,3.29,3.24,3.24,2374941.0,20279454.0
2013-02-27,3.24,3.29,3.25,3.23,2102499.0,17898962.0
2013-02-28,3.26,3.32,3.32,3.25,3484989.0,29989142.0
2013-03-01,3.32,3.35,3.35,3.3,3186524.0,27686598.0
2013-03-04,3.4,3.46,3.32,3.29,7410056.0,65558804.0
2013-03-05,3.32,3.41,3.4,3.24,4903353.0,43092916.0
2013-03-06,3.41,3.71,3.64,3.38,11117775.0,102922416.0
2013-03-07,3.63,3.63,3.53,3.48,8381817.0,78135512.0
2013-03-08,3.54,3.57,3.48,3.43,6132595.0,55907000.0
2013-03-11,3.5,3.5,3.46,3.42,2525732.0,22876394.0
2013-03-12,3.46,3.55,3.39,3.29,5496022.0,49427640.0
2013-03-13,3.39,3.41,3.39,3.27,3561037.0,30974780.0
2013-03-14,3.36,3.4,3.38,3.32,2000424.0,17639028.0
2013-03-15,3.39,3.45,3.4,3.33,2721300.0,24211222.0
2013-03-18,3.38,3.41,3.29,3.27,2936339.0,25477460.0
2013-03-19,3.27,3.31,3.3,3.25,1250363.0,10760882.0
2013-03-20,3.3,3.41,3.41,3.3,3213934.0,28373554.0
2013-03-21,3.39,3.47,3.4,3.38,2981096.0,26674542.0
2013-03-22,3.4,3.52,3.48,3.38,4935036.0,44832816.0
2013-03-25,3.48,3.56,3.54,3.48,5327105.0,49200416.0
2013-03-26,3.55,3.67,3.53,3.48,6985111.0,65319468.0
2013-03-27,3.53,3.56,3.5,3.43,4067280.0,37114120.0
2013-03-28,3.47,3.47,3.33,3.33,3376488.0,30016898.0
2013-03-29,3.35,3.38,3.34,3.34,1518175.0,13332249.0
2013-04-01,3.34,3.44,3.44,3.34,1867810.0,16686901.0
2013-04-02,3.47,3.49,3.36,3.35,2152193.0,19270924.0
2013-04-03,3.4,3.4,3.35,3.33,1574897.0,13820834.0
2013-04-08,3.3,3.42,3.42,3.26,1667574.0,14598435.0
2013-04-09,3.42,3.5,3.47,3.4,2205108.0,19988658.0
2013-04-10,3.48,3.5,3.39,3.34,2454264.0,21838062.0
2013-04-11,3.39,3.42,3.35,3.35,1343421.0,11861924.0
2013-04-12,3.31,3.41,3.37,3.31,1450364.0,12781844.0
2013-04-15,3.37,3.37,3.27,3.25,2035685.0,17571586.0
2013-04-16,3.25,3.32,3.3,3.23,1378594.0,11809626.0
2013-04-17,3.32,3.34,3.31,3.27,1161148.0,10029733.0
2013-04-18,3.3,3.33,3.28,3.25,1549906.0,13343444.0
2013-04-19,3.37,3.55,3.48,3.36,8636668.0,78840160.0
2013-04-22,3.44,3.63,3.6,3.43,6962621.0,65061700.0
2013-04-23,3.61,3.61,3.51,3.48,5010604.0,46294216.0
2013-04-24,3.53,3.73,3.72,3.48,8908509.0,85090760.0
2013-04-25,3.75,3.89,3.74,3.66,12127704.0,119912328.0
2013-04-26,3.7,3.84,3.72,3.69,5964374.0,58727432.0
2013-05-02,3.71,3.88,3.86,3.65,6027454.0,59644620.0
2013-05-03,3.85,3.95,3.82,3.82,7113871.0,72099600.0
2013-05-06,3.84,4.01,3.97,3.83,9074399.0,93622440.0
2013-05-07,3.96,4.0,3.97,3.9,5035618.0,51976020.0
2013-05-08,3.98,4.04,4.01,3.88,6689577.0,69249816.0
2013-05-09,3.98,4.03,3.9,3.88,5170856.0,53305128.0
2013-05-10,3.88,3.93,3.88,3.79,4791418.0,48536044.0
2013-05-13,3.86,3.98,3.94,3.84,3767128.0,38692768.0
2013-05-14,3.91,3.96,3.84,3.8,3220047.0,32583962.0
2013-05-15,3.84,3.89,3.88,3.82,2171980.0,21944774.0
2013-05-16,3.88,4.02,4.02,3.85,6230047.0,64621948.0
2013-05-17,4.01,4.2,4.16,4.01,7824219.0,84306976.0
2013-05-20,4.17,4.42,4.38,4.16,9144973.0,102920800.0
2013-05-21,4.35,4.44,4.4,4.3,5628017.0,64582776.0
2013-05-22,4.45,4.62,4.57,4.34,9509170.0,111775896.0
2013-05-23,4.5,4.61,4.51,4.45,5202199.0,61671932.0
2013-05-24,4.48,4.53,4.53,4.47,2940895.0,34686272.0
2013-05-27,4.53,4.69,4.53,4.51,4711883.0,56843144.0
2013-05-28,4.53,4.54,4.5,4.35,6971697.0,81031192.0
2013-05-29,4.5,4.73,4.6,4.45,11860742.0,94548408.0
2013-05-30,4.54,4.56,4.43,4.42,7880701.0,60963492.0
2013-05-31,4.4,4.58,4.47,4.4,6231911.0,48413036.0
2013-06-03,4.4,4.56,4.42,4.38,5421882.0,41507176.0
2013-06-04,4.45,4.45,4.14,4.11,11643137.0,84837512.0
2013-06-05,4.14,4.19,4.13,4.09,5053202.0,36245144.0
2013-06-06,4.11,4.17,4.01,3.96,6835351.0,48410960.0
2013-06-07,4.03,4.03,4.0,3.84,6285395.0,42946924.0
2013-06-13,3.95,3.95,3.88,3.83,4879010.0,32682596.0
2013-06-14,3.89,3.98,3.98,3.88,3518288.0,24016948.0
2013-06-17,3.98,4.16,4.13,3.96,6475661.0,45707996.0
2013-06-18,4.13,4.16,4.1,4.04,3504668.0,24850112.0
2013-06-19,4.08,4.14,4.13,4.04,4473066.0,31708486.0
2013-06-20,4.09,4.25,4.09,4.06,7940497.0,57389892.0
2013-06-21,4.04,4.09,4.04,3.87,4916718.0,34034952.0
2013-06-24,4.04,4.1,3.75,3.71,6583666.0,44155360.0
2013-06-25,3.65,3.8,3.65,3.38,8999424.0,55485008.0
2013-06-26,3.64,3.79,3.78,3.58,5938063.0,38078156.0
2013-06-27,3.8,3.92,3.76,3.7,5451211.0,36206000.0
2013-06-28,3.74,3.89,3.79,3.65,3095324.0,20276522.0
2013-07-01,3.76,3.9,3.9,3.76,3214386.0,21345982.0
2013-07-02,3.93,4.08,4.07,3.89,5811406.0,40402820.0
2013-07-03,4.08,4.08,3.98,3.92,6086028.0,42126140.0
2013-07-04,4.02,4.04,3.98,3.9,4383920.0,30192002.0
2013-07-05,3.98,4.02,3.87,3.85,5174139.0,35265696.0
2013-08-29,4.25,4.25,4.25,4.25,5051573.0,37179576.0
2013-08-30,4.67,4.67,4.32,4.18,29408768.0,224828016.0
2013-09-02,4.22,4.41,4.31,4.06,9865635.0,72919056.0
2013-09-03,4.25,4.62,4.5,4.25,9364150.0,72717408.0
2013-09-04,4.47,4.88,4.83,4.43,15961182.0,131559672.0
2013-09-05,4.81,4.97,4.85,4.71,13791117.0,115401544.0
2013-09-06,4.79,4.82,4.79,4.69,6287364.0,51659668.0
2013-09-09,4.83,4.84,4.73,4.68,6712273.0,54927624.0
2013-09-10,4.74,4.97,4.93,4.74,13486174.0,114427616.0
2013-09-11,4.92,5.07,4.78,4.77,11491552.0,97088376.0
2013-09-12,4.81,4.95,4.85,4.81,5568042.0,47009148.0
2013-09-13,4.81,5.04,5.03,4.81,8813373.0,75613688.0
2013-09-16,4.97,5.05,4.94,4.81,6125549.0,52195316.0
2013-09-17,4.92,4.92,4.78,4.75,5042561.0,41934892.0
2013-09-18,4.77,4.82,4.77,4.73,3689621.0,30505106.0
2013-09-23,4.84,4.88,4.76,4.73,7059414.0,58293488.0
2013-09-24,4.77,4.9,4.82,4.75,5111484.0,42542152.0
2013-09-25,4.82,4.96,4.96,4.74,7238525.0,60824824.0
2013-09-26,4.93,5.05,4.82,4.82,5973762.0,51158828.0
2013-09-27,4.8,4.86,4.77,4.74,2830518.0,23436102.0
2013-09-30,4.83,4.85,4.82,4.77,2218954.0,18441166.0
2013-10-08,4.82,4.97,4.85,4.76,4514300.0,37894564.0
2013-10-09,4.83,5.06,5.05,4.8,6693487.0,57559832.0
2013-10-10,5.04,5.55,5.47,5.02,13424749.0,124629472.0
2013-10-11,5.44,5.67,5.53,5.34,9831327.0,94638352.0
2013-10-14,5.49,5.6,5.5,5.45,4504176.0,42959624.0
2013-10-15,5.5,5.84,5.76,5.41,9487528.0,93219872.0
2013-10-16,5.69,5.88,5.55,5.48,6306576.0,60949344.0
2013-10-17,5.58,5.62,5.4,5.35,5636724.0,52820704.0
2013-10-18,5.37,5.5,5.37,5.37,2281292.0,21502482.0
2013-10-21,5.41,5.52,5.48,5.37,3784004.0,35501736.0
2013-10-22,5.43,5.5,5.37,5.36,3178666.0,29777008.0
2013-10-23,5.4,5.4,5.18,5.06,5543905.0,49724296.0
2013-10-24,5.16,5.26,5.12,5.09,1776794.0,15895705.0
2013-10-25,5.12,5.2,4.98,4.88,2918475.0,25195404.0
2013-10-28,4.92,5.07,4.98,4.87,2301367.0,19850418.0
2013-10-29,5.03,5.08,4.8,4.64,3317411.0,27765238.0
2013-10-30,4.77,5.26,5.25,4.77,7887867.0,69829632.0
2013-10-31,5.2,5.45,5.17,5.17,5391035.0,49278832.0
2013-11-01,5.19,5.2,5.14,4.92,2962027.0,25904868.0
2013-11-04,5.14,5.2,5.19,5.01,1450459.0,12821070.0
2013-11-05,5.19,5.32,5.22,5.1,2513186.0,22709174.0
2013-11-06,5.18,5.33,5.23,5.18,2800018.0,25525986.0
2013-11-07,5.28,5.28,5.06,5.0,2456592.0,21624260.0
2013-11-08,5.03,5.16,5.04,4.98,1648717.0,14514294.0
2013-11-11,5.0,5.14,5.13,4.98,1051903.0,9197748.0
2013-11-12,5.13,5.18,5.03,4.99,2180173.0,19156376.0
2013-11-13,5.0,5.09,4.96,4.96,1371819.0,11908152.0
2013-11-14,4.96,5.08,5.07,4.89,1450699.0,12534114.0
2013-11-15,5.0,5.25,5.12,5.0,3101434.0,27510624.0
2013-11-18,5.12,5.38,5.33,5.09,4810400.0,43891760.0
2013-11-19,5.3,5.4,5.36,5.28,2805383.0,25916832.0
2013-11-20,5.34,5.4,5.38,5.28,2542306.0,23435332.0
2013-11-21,5.37,5.63,5.62,5.21,11428478.0,107965648.0
2013-11-22,5.84,6.07,5.73,5.66,21163366.0,213743888.0
2013-11-25,5.63,5.82,5.73,5.63,10687132.0,106255600.0
2013-11-26,5.66,5.69,5.66,5.43,6918778.0,66845836.0
2013-11-27,5.66,5.67,5.6,5.52,4918440.0,47544088.0
2013-11-28,5.62,5.75,5.58,5.58,5392285.0,52852916.0
2013-11-29,5.58,5.75,5.74,5.56,5291172.0,51670020.0
2013-12-02,5.55,5.65,5.37,5.17,6339472.0,60049112.0
2013-12-03,5.29,5.86,5.79,5.2,9116885.0,88505160.0
2013-12-04,6.0,6.03,5.88,5.81,17411530.0,178598544.0
2013-12-05,5.8,5.93,5.88,5.78,6896320.0,70018576.0
2013-12-06,5.87,5.98,5.91,5.84,5464363.0,55948200.0
2013-12-09,5.91,6.12,6.1,5.88,9337528.0,97173704.0
2013-12-10,6.04,6.07,5.98,5.94,6304510.0,65497072.0
2013-12-11,5.92,5.95,5.82,5.81,5653732.0,57323332.0
2013-12-12,5.87,5.87,5.78,5.73,3926799.0,39321008.0
2013-12-13,5.75,5.84,5.77,5.73,2543766.0,25479734.0
2013-12-16,5.82,5.86,5.63,5.59,4500750.0,44285576.0
2013-12-17,5.63,5.66,5.51,5.49,3258594.0,31366932.0
2013-12-18,5.54,5.65,5.56,5.49,2152216.0,20773484.0
2013-12-19,5.55,5.62,5.54,5.49,2524105.0,24287724.0
2013-12-20,5.59,5.66,5.65,5.58,4534889.0,44145152.0
2013-12-23,5.67,5.86,5.84,5.65,5958228.0,59579024.0
2013-12-24,5.82,5.89,5.81,5.73,5703976.0,57182856.0
2013-12-25,5.89,5.9,5.78,5.65,5221401.0,51902608.0
2013-12-26,5.84,5.84,5.56,5.54,3998223.0,39089468.0
2013-12-27,5.58,5.6,5.56,5.49,3265290.0,31434272.0
2013-12-30,5.58,5.62,5.53,5.47,3302443.0,31737828.0
2013-12-31,5.52,5.56,5.55,5.49,2120498.0,20335510.0
2014-01-02,5.58,5.67,5.66,5.57,3540296.0,34451368.0
2014-01-03,5.66,5.75,5.71,5.62,3980548.0,39301412.0
2014-01-06,5.72,5.75,5.52,5.49,3479472.0,33645168.0
2014-01-07,5.52,5.69,5.69,5.52,2771057.0,27021814.0
2014-01-08,5.73,5.81,5.7,5.65,3375512.0,33450452.0
2014-01-09,5.73,5.73,5.52,5.5,3260064.0,31670986.0
2014-01-10,5.49,5.52,4.98,4.97,15506003.0,134792576.0
2014-01-13,4.87,4.91,4.79,4.62,8759756.0,72176944.0
2014-01-14,4.73,4.96,4.91,4.69,6466803.0,54667384.0
2014-01-15,4.92,5.1,5.08,4.92,4115944.0,35872672.0
2014-01-16,5.08,5.15,4.98,4.97,3335318.0,29206748.0
2014-01-17,4.96,5.07,4.99,4.9,2717456.0,23597554.0
2014-01-20,4.99,5.18,4.87,4.8,4758570.0,41611972.0
2014-01-21,4.86,4.99,4.92,4.83,2658261.0,22629196.0
2014-01-22,4.92,5.14,5.1,4.89,3220230.0,28182980.0
2014-01-23,5.16,5.18,5.13,5.07,2166301.0,19206194.0
2014-01-24,5.14,5.23,5.21,5.11,2597120.0,23295048.0
2014-01-27,5.2,5.2,5.14,5.08,2028737.0,18043840.0
2014-01-28,5.14,5.14,4.94,4.85,4868961.0,41826252.0
2014-01-29,4.99,5.02,5.0,4.91,2362144.0,20219412.0
2014-01-30,4.94,5.0,4.92,4.85,2568882.0,21861868.0
2014-02-07,4.93,5.0,5.0,4.88,3123500.0,26809208.0
2014-02-10,5.03,5.22,5.18,4.98,6075329.0,53932988.0
2014-02-11,5.14,5.4,5.34,5.14,6997622.0,63959420.0
2014-02-12,5.37,5.51,5.5,5.26,6402889.0,59982812.0
2014-02-13,5.47,5.59,5.44,5.37,6442801.0,61235648.0
2014-02-14,5.44,5.58,5.48,5.44,3246125.0,30820796.0
2014-02-17,5.49,5.53,5.51,5.44,4329536.0,41076472.0
2014-02-18,5.51,5.66,5.59,5.48,6792775.0,65463500.0
2014-02-19,5.58,5.63,5.48,5.43,5216272.0,49555564.0
2014-02-20,5.49,5.51,5.32,5.29,5247050.0,48608836.0
2014-02-21,5.33,5.35,5.25,5.2,3753665.0,34226940.0
2014-02-24,5.25,5.25,5.15,5.03,4837756.0,42617548.0
2014-02-25,5.15,5.18,5.02,4.99,3741920.0,33109504.0
2014-02-26,4.99,5.23,5.11,4.99,5585861.0,49557892.0
2014-02-27,5.11,5.24,5.11,5.1,4652741.0,41691520.0
2014-02-28,5.06,5.22,5.19,5.06,2372134.0,21178944.0
2014-03-03,5.18,5.36,5.36,5.17,4819715.0,44131856.0
2014-03-04,5.34,5.41,5.38,5.23,3336195.0,30754242.0
2014-03-05,5.41,5.43,5.29,5.28,2499042.0,23144906.0
2014-03-06,5.29,5.34,5.29,5.23,1754204.0,15997465.0
2014-03-07,5.29,5.29,5.13,5.12,3198889.0,28684168.0
2014-03-10,5.07,5.17,4.97,4.92,3319707.0,29081900.0
2014-03-11,4.97,5.05,5.02,4.9,1637009.0,14159262.0
2014-03-12,5.02,5.04,4.96,4.85,2167940.0,18493118.0
2014-03-13,4.96,4.99,4.97,4.92,1691364.0,14512134.0
2014-03-14,4.97,5.11,5.07,4.96,2373814.0,20806238.0
2014-03-17,5.07,5.1,5.1,5.03,2792010.0,24476568.0
2014-03-18,5.1,5.1,5.0,4.99,3634688.0,31658832.0
2014-03-19,4.99,5.01,4.92,4.89,2053169.0,17491624.0
2014-03-20,4.92,4.96,4.72,4.71,4784766.0,39909336.0
2014-03-21,4.72,4.82,4.82,4.62,3445526.0,28017890.0
2014-03-24,4.83,4.83,4.74,4.7,3497077.0,28785898.0
2014-03-25,4.78,4.78,4.77,4.74,4592849.0,37821220.0
2014-03-26,4.75,4.82,4.8,4.75,2100465.0,17420716.0
2014-03-27,4.8,4.82,4.74,4.74,1988965.0,16437078.0
2014-03-28,4.73,4.77,4.55,4.53,3865785.0,31067774.0
2014-03-31,4.55,4.62,4.54,4.48,2360867.0,18623862.0
2014-04-01,4.54,4.77,4.75,4.54,2621891.0,21314268.0
2014-04-02,4.75,4.77,4.69,4.67,1775651.0,14494574.0
2014-04-03,4.69,4.73,4.67,4.59,1754770.0,14142865.0
2014-04-04,4.66,4.81,4.81,4.63,2876924.0,23608158.0
2014-04-08,4.77,4.89,4.85,4.74,3522784.0,29423532.0
2014-04-09,4.83,4.88,4.84,4.8,1884159.0,15788651.0
2014-04-10,4.81,4.85,4.8,4.78,2342277.0,19473196.0
2014-04-11,4.77,4.84,4.82,4.77,1925575.0,16043047.0
2014-04-14,4.87,4.88,4.84,4.8,1278335.0,10681402.0
2014-04-15,4.83,4.84,4.77,4.76,1513786.0,12551596.0
2014-04-16,4.74,4.91,4.91,4.74,3194877.0,26814720.0
2014-04-17,4.97,4.97,4.9,4.85,1664259.0,14114117.0
2014-04-18,5.03,5.32,5.18,5.03,10504524.0,94226792.0
2014-04-21,5.19,5.31,5.2,5.12,7383744.0,66924904.0
2014-04-22,5.2,5.29,5.2,5.13,5177227.0,46579132.0
2014-04-23,5.29,5.49,5.49,5.22,10926753.0,102205280.0
2014-04-24,5.43,5.49,5.43,5.34,5401746.0,50642484.0
2014-04-25,5.41,5.41,5.21,5.14,5116585.0,46776640.0
2014-04-28,5.21,5.33,5.22,5.19,4128379.0,37561696.0
2014-04-29,5.2,5.5,5.49,5.2,6122704.0,57199844.0
2014-04-30,5.49,5.53,5.4,5.35,4415827.0,41509572.0
2014-05-05,5.34,5.34,5.32,5.18,4382904.0,39869676.0
2014-05-06,5.29,5.52,5.43,5.26,6320667.0,59391076.0
2014-05-07,5.41,5.43,5.29,5.23,3782838.0,34974252.0
2014-05-08,5.27,5.36,5.26,5.21,2695657.0,24648640.0
2014-05-09,5.29,5.7,5.62,5.23,12647324.0,120849440.0
2014-05-12,5.59,5.75,5.69,5.54,7865712.0,76993464.0
2014-05-13,5.75,5.75,5.64,5.59,4999923.0,48965008.0
2014-05-14,5.63,5.67,5.6,5.52,4896178.0,47487260.0
2014-05-15,5.58,5.66,5.63,5.55,3099245.0,30057310.0
2014-05-16,5.63,5.89,5.41,5.2,11250891.0,109605352.0
2014-05-19,5.23,5.65,5.55,5.21,6648310.0,62341008.0
2014-05-20,5.49,5.68,5.52,5.45,6756549.0,48849388.0
2014-05-21,5.52,5.58,5.55,5.42,3925687.0,28187006.0
2014-05-22,5.55,5.57,5.45,5.45,5052553.0,36322280.0
2014-05-23,5.45,5.54,5.49,5.26,5516380.0,38803692.0
2014-05-26,5.54,5.56,5.45,5.41,5089258.0,36181304.0
2014-05-27,5.47,5.67,5.67,5.42,8581156.0,61719624.0
2014-05-28,5.62,5.86,5.81,5.55,10210701.0,76662336.0
2014-05-29,5.76,5.88,5.76,5.68,5486913.0,41362836.0
2014-05-30,5.75,5.75,5.7,5.61,3171300.0,23425376.0
2014-06-03,5.6,5.68,5.65,5.57,3575918.0,26302012.0
2014-06-04,5.64,5.64,5.56,5.47,3366979.0,24274766.0
2014-06-05,5.52,5.59,5.57,5.45,4308233.0,30958562.0
2014-06-06,5.54,5.59,5.44,5.39,4377003.0,31239940.0
2014-06-09,5.45,5.49,5.44,5.37,2341897.0,16575559.0
2014-06-10,5.44,5.55,5.54,5.43,2665813.0,19200080.0
2014-06-11,5.56,5.6,5.56,5.52,2102023.0,15243628.0
2014-06-12,5.55,5.68,5.66,5.52,3460546.0,25422692.0
2014-06-13,5.65,5.71,5.68,5.61,3309558.0,24434610.0
2014-06-16,5.66,5.66,5.65,5.52,3551894.0,25947250.0
2014-06-17,5.61,5.7,5.68,5.61,3848223.0,28436054.0
2014-06-18,5.66,5.68,5.53,5.52,3273382.0,23723456.0
2014-06-19,5.51,5.52,5.38,5.34,4900332.0,34554208.0
2014-06-20,5.38,5.52,5.47,5.38,1552922.0,11024259.0
2014-06-23,5.47,5.52,5.43,5.42,2841475.0,20289058.0
2014-06-24,5.45,5.52,5.51,5.4,2378716.0,16990760.0
2014-06-25,5.47,5.5,5.46,5.42,1837936.0,13032218.0
2014-06-26,5.46,5.52,5.5,5.46,1936954.0,13886044.0
2014-06-27,5.48,5.75,5.72,5.47,8862346.0,65300504.0
2014-06-30,5.71,5.76,5.74,5.63,4494040.0,33343614.0
2014-07-01,5.73,5.75,5.71,5.65,3223783.0,23877996.0
2014-07-02,5.7,5.89,5.88,5.7,8565209.0,65032932.0
2014-07-03,5.88,6.18,6.08,5.83,11236379.0,88616968.0
2014-07-04,6.11,6.25,6.1,6.01,6475090.0,51567736.0
2014-07-07,6.07,6.16,6.01,5.96,3493776.0,27456156.0
2014-07-08,6.01,6.18,6.17,5.95,3975151.0,31361182.0
2014-07-09,6.15,6.21,5.98,5.98,3494324.0,27858066.0
2014-07-10,5.98,6.17,6.07,5.95,2611239.0,20662684.0
2014-07-11,6.01,6.11,6.04,6.0,2530412.0,19943740.0
2014-07-14,6.01,6.1,6.05,5.87,4744655.0,36802484.0
2014-07-15,6.01,6.2,6.13,5.99,7308684.0,58239740.0
2014-07-16,6.11,6.12,6.04,6.01,2493176.0,19679366.0
2014-07-17,6.04,6.04,5.9,5.82,4031315.0,31030128.0
2014-07-18,5.9,5.98,5.91,5.85,1631810.0,12601089.0
2014-07-21,5.91,5.95,5.73,5.62,6590613.0,49085676.0
2014-07-22,5.7,5.77,5.73,5.64,2778198.0,20697818.0
2014-07-23,5.73,5.81,5.72,5.68,2650667.0,19842490.0
2014-07-24,5.72,5.72,5.61,5.56,4660884.0,34205856.0
2014-07-25,5.6,5.8,5.78,5.6,3193360.0,23812872.0
2014-07-28,5.78,5.91,5.88,5.78,4664132.0,35549248.0
2014-07-29,5.89,5.91,5.89,5.83,5323002.0,40697560.0
2014-07-30,5.88,5.93,5.9,5.84,2937219.0,22529372.0
2014-07-31,5.91,5.95,5.93,5.88,5343183.0,41200804.0
2014-08-01,5.92,5.92,5.83,5.8,4952637.0,37885316.0
2014-08-04,5.81,5.89,5.88,5.79,3682579.0,28070392.0
2014-08-05,5.89,5.98,5.98,5.88,5185293.0,40188520.0
2014-08-06,5.98,6.01,5.98,5.91,3897534.0,30292814.0
2014-08-07,5.98,6.02,5.95,5.94,4008983.0,31241430.0
2014-08-08,5.92,5.99,5.89,5.86,5672420.0,43714156.0
2014-08-11,5.89,6.0,6.0,5.87,7463841.0,57790700.0
2014-08-12,6.0,6.15,6.11,5.96,8979023.0,71011816.0
2014-08-13,6.09,6.12,6.07,5.96,5517895.0,43359324.0
2014-08-14,6.05,6.09,6.08,5.98,7051255.0,55572800.0
2014-08-19,6.68,6.68,6.5,6.34,29107230.0,244993904.0
2014-08-20,6.53,6.8,6.71,6.52,30585216.0,264539712.0
2014-08-21,6.57,6.64,6.49,6.44,13115916.0,111326784.0
2014-08-22,6.45,6.58,6.52,6.43,8433589.0,71678840.0
2014-08-25,6.52,6.6,6.41,6.38,5637187.0,47233220.0
2014-08-26,6.38,6.46,6.28,6.22,6532188.0,54135172.0
2014-08-27,6.28,6.51,6.41,6.24,7281286.0,60461820.0
2014-08-28,6.41,6.51,6.37,6.34,4393240.0,36738196.0
2014-08-29,6.41,6.55,6.55,6.31,5439230.0,45841904.0
2014-09-01,6.56,6.65,6.64,6.52,7115676.0,60973052.0
2014-09-02,6.64,6.79,6.77,6.61,11491528.0,100824576.0
2014-09-03,6.79,6.79,6.75,6.66,8240990.0,72198992.0
2014-09-04,6.7,6.89,6.78,6.7,8663675.0,76817832.0
2014-09-05,6.78,6.78,6.75,6.66,6146354.0,53717508.0
2014-09-09,6.77,6.81,6.76,6.66,5122904.0,45008968.0
2014-09-10,6.84,7.06,6.97,6.82,13930046.0,126304360.0
2014-09-11,6.98,7.23,7.06,6.87,11313334.0,104476976.0
2014-09-12,7.13,7.17,7.1,7.07,6799772.0,63154392.0
2014-09-15,7.02,7.1,7.07,6.97,7773989.0,71246936.0
2014-09-16,7.06,7.1,6.76,6.73,8669223.0,78108976.0
2014-09-17,6.75,6.83,6.81,6.64,5113015.0,44924752.0
2014-09-18,6.75,6.84,6.79,6.71,3318698.0,29308458.0
2014-09-19,6.61,7.04,6.95,6.56,13729334.0,121794936.0
2014-09-22,7.07,7.25,7.03,6.97,13318918.0,123167024.0
2014-09-23,7.02,7.2,7.13,6.98,6781180.0,62884168.0
2014-09-24,7.13,7.18,7.13,7.03,6240930.0,57731840.0
2014-09-25,7.16,7.48,7.36,7.16,15407972.0,147744864.0
2014-09-26,7.34,7.55,7.36,7.22,8291716.0,80203864.0
2014-09-29,7.39,7.77,7.65,7.37,13189744.0,131421960.0
2014-09-30,7.65,7.73,7.69,7.6,6582986.0,65736256.0
2014-10-08,7.73,7.83,7.63,7.55,9673219.0,96315208.0
2014-10-09,7.63,7.66,7.6,7.43,6850715.0,67306672.0
2014-10-10,7.53,7.64,7.6,7.45,7649562.0,75206704.0
2014-10-13,7.53,7.6,7.56,7.33,5542762.0,54068820.0
2014-10-14,7.44,7.61,7.53,7.35,9783574.0,95765888.0
2014-10-15,7.5,7.53,7.46,7.41,5072383.0,49303132.0
2014-10-16,7.46,7.53,7.44,7.36,4304912.0,41807620.0
2014-10-17,7.48,7.52,7.36,7.21,4523559.0,43378080.0
2014-10-20,7.4,7.71,7.71,7.36,6766822.0,66699304.0
2014-10-21,7.67,8.31,8.0,7.57,15826130.0,163289344.0
2014-10-22,7.95,8.12,7.73,7.64,8225821.0,84225360.0
2014-10-23,7.67,7.67,7.48,7.44,5206273.0,50996780.0
2014-10-24,7.48,8.0,7.82,7.44,9389038.0,94825816.0
2014-10-27,7.82,7.83,7.62,7.43,6390475.0,63310696.0
2014-10-28,7.6,7.77,7.77,7.5,8681117.0,86680304.0
2014-10-29,7.77,7.89,7.75,7.67,9972971.0,101381264.0
2014-10-30,7.77,7.98,7.86,7.75,9823900.0,100846376.0
2014-10-31,7.92,7.96,7.73,7.69,5530443.0,56167812.0
2014-11-03,7.75,7.86,7.65,7.62,7954573.0,80379312.0
2014-11-04,7.63,7.75,7.48,7.47,7933129.0,78441616.0
2014-11-05,7.48,7.67,7.55,7.48,5837134.0,57501376.0
2014-11-06,7.56,7.74,7.74,7.46,5895764.0,58269072.0
2014-11-07,7.77,7.79,7.61,7.56,6991245.0,70292096.0
2014-11-10,7.66,7.67,7.55,7.49,4391524.0,43182324.0
2014-11-11,7.55,7.58,7.16,7.13,6582292.0,62715444.0
2014-11-12,7.17,7.41,7.32,7.17,3595725.0,34240264.0
2014-11-13,7.38,7.4,7.17,7.07,5417801.0,50957768.0
2014-11-14,7.18,7.23,7.02,7.0,3476224.0,31967642.0
2014-11-17,7.04,7.39,7.22,7.02,5683285.0,53347220.0
2014-11-18,7.21,7.28,7.22,7.17,3457609.0,32504130.0
2014-11-19,7.22,7.31,7.28,7.2,3380480.0,31996472.0
2014-11-20,7.25,7.49,7.35,7.22,7574392.0,72898360.0
2014-11-21,7.49,7.83,7.73,7.38,12375068.0,123454104.0
2014-11-24,7.64,7.84,7.82,7.64,7031539.0,71050200.0
2014-11-25,7.79,7.92,7.84,7.7,6307087.0,64228480.0
2014-11-26,7.84,7.84,7.69,7.66,5659551.0,56955112.0
2014-11-27,7.7,7.79,7.73,7.56,7143516.0,71319016.0
2014-11-28,7.73,7.75,7.66,7.58,4134757.0,41167436.0
2014-12-01,7.66,7.66,7.35,7.25,9873103.0,94995072.0
2014-12-02,7.33,7.53,7.47,7.33,5193458.0,50493572.0
2014-12-03,7.49,7.84,7.73,7.49,10444545.0,105093616.0
2014-12-04,7.77,8.27,8.0,7.76,13261923.0,138742192.0
2014-12-05,7.98,7.98,7.62,7.37,10493779.0,104653016.0
2014-12-08,7.63,7.75,7.47,7.38,10777339.0,104933464.0
2014-12-09,7.4,7.44,7.07,7.06,10784605.0,101810928.0
2014-12-10,7.03,7.33,7.31,7.02,4952852.0,46811320.0
2014-12-11,7.29,7.43,7.41,7.23,4004223.0,38410576.0
2014-12-12,7.44,7.47,7.43,7.3,3426813.0,32979614.0
2014-12-15,7.42,7.43,7.33,7.17,11242778.0,106639936.0
2014-12-16,7.27,7.3,7.27,7.21,3816442.0,36083796.0
2014-12-17,7.24,7.33,7.17,7.08,5916402.0,55628876.0
2014-12-18,7.17,7.27,7.21,7.1,6095696.0,57102980.0
2014-12-19,7.2,7.27,7.07,7.01,6847131.0,63329320.0
2014-12-22,7.07,7.16,6.66,6.6,7860184.0,69602824.0
2014-12-23,6.64,6.9,6.71,6.64,5031238.0,44286612.0
2014-12-24,6.86,7.1,7.08,6.77,8726491.0,78901320.0
2014-12-25,7.01,7.12,7.03,6.94,4089275.0,37338408.0
2014-12-26,7.03,7.05,6.94,6.83,4898713.0,44106072.0
2014-12-29,6.9,6.9,6.74,6.72,4329040.0,38285816.0
2014-12-30,6.77,6.82,6.52,6.47,4801978.0,41446260.0
2014-12-31,6.53,6.72,6.61,6.53,3655895.0,31356072.0
2015-01-05,6.61,6.73,6.64,6.36,7784375.0,65969832.0
2015-01-06,6.58,6.8,6.8,6.48,6593948.0,57163012.0
2015-01-07,6.81,6.96,6.86,6.79,5214333.0,46662900.0
2015-01-08,6.89,7.17,7.01,6.83,8622949.0,78830256.0
2015-01-09,7.0,7.08,6.9,6.9,4737946.0,43087028.0
2015-01-12,6.9,6.9,6.65,6.6,4629353.0,40287060.0
2015-01-13,6.67,6.88,6.87,6.53,9323906.0,80949264.0
2015-01-14,6.81,6.84,6.71,6.6,4601287.0,40357840.0
2015-01-15,6.75,6.75,6.72,6.63,4461895.0,38959964.0
2015-01-16,6.74,6.85,6.84,6.64,5954721.0,52432856.0
2015-01-19,6.67,7.03,6.84,6.61,9621977.0,86356936.0
2015-01-20,6.9,7.13,7.11,6.86,8428951.0,77134528.0
2015-01-21,7.13,7.5,7.38,7.07,14142741.0,134170968.0
2015-01-22,7.44,7.57,7.44,7.36,10719671.0,103805576.0
2015-01-23,7.48,7.59,7.35,7.25,9208123.0,88613240.0
2015-01-26,7.48,7.87,7.63,7.46,16933020.0,168276832.0
2015-01-27,7.7,8.4,8.33,7.66,31346928.0,330566304.0
2015-01-28,8.25,9.11,8.45,8.16,28810124.0,322155328.0
2015-01-29,8.45,8.58,8.38,8.25,11197561.0,122041808.0
2015-01-30,8.34,8.72,8.39,8.34,12672605.0,140965328.0
2015-02-02,8.5,8.5,8.37,7.98,10895030.0,116408776.0
2015-02-03,8.32,8.5,8.32,8.14,10759051.0,117112296.0
2015-02-04,8.25,8.52,8.47,8.17,9190048.0,100419832.0
2015-02-05,8.55,8.77,8.63,8.41,10461160.0,117054672.0
2015-02-06,8.59,9.05,8.75,8.55,10902523.0,125966448.0
2015-02-09,8.68,9.21,8.99,8.52,9100028.0,106538200.0
2015-02-10,8.99,9.37,9.11,8.69,12121041.0,142244944.0
2015-02-11,9.1,9.28,9.12,8.91,6674398.0,79596120.0
2015-02-12,9.24,9.34,9.03,8.98,4789085.0,56880736.0
2015-02-13,8.96,9.35,9.24,8.95,6692851.0,80030392.0
2015-02-16,8.75,9.23,8.87,8.42,23955002.0,278210912.0
2015-02-17,8.85,9.03,8.95,8.75,7722728.0,89337440.0
2015-02-25,8.86,8.95,8.72,8.71,5324033.0,60912312.0
2015-02-26,8.76,8.91,8.75,8.59,6832236.0,77548208.0
2015-02-27,8.91,9.17,9.16,8.84,10248794.0,120406976.0
2015-03-02,9.16,9.55,9.51,8.89,10203455.0,123387136.0
2015-03-03,9.47,9.73,9.54,9.25,9644875.0,119818824.0
2015-03-04,9.54,10.49,10.13,9.41,16539458.0,218388080.0
2015-03-05,10.0,10.28,10.2,9.93,7972704.0,104796472.0
2015-03-06,10.2,11.22,11.22,10.19,21523192.0,302602976.0
2015-03-09,11.22,11.52,11.2,10.82,12672620.0,184092160.0
2015-03-10,11.05,12.11,11.94,11.05,14074453.0,214596224.0
2015-03-11,11.81,12.06,11.78,11.45,9847945.0,150472016.0
2015-03-12,11.79,11.82,11.64,11.01,11793722.0,174812992.0
2015-03-13,11.51,11.79,11.45,11.13,8160003.0,121364256.0
2015-03-16,11.57,12.5,12.34,11.35,16120292.0,248841104.0
2015-03-17,12.27,13.16,12.27,11.97,16489476.0,267180288.0
2015-03-18,12.26,12.27,12.08,11.9,12046968.0,188873040.0
2015-03-19,12.08,12.15,11.97,11.82,11135682.0,173944480.0
2015-03-20,12.39,12.89,12.27,12.2,16532907.0,268557568.0
2015-03-23,12.27,12.89,12.43,12.12,16477337.0,267263120.0
2015-03-24,12.46,13.67,13.67,12.18,27610350.0,465735872.0
2015-03-25,13.73,14.27,13.82,13.03,19197928.0,340006304.0
2015-03-26,13.58,13.58,13.16,13.03,13919514.0,241027024.0
2015-03-27,13.04,13.33,12.94,12.75,9787389.0,165111904.0
2015-03-30,12.92,13.1,12.58,12.31,16331997.0,269454848.0
2015-03-31,12.67,13.69,13.38,12.44,18458640.0,315577664.0
2015-04-01,13.57,14.35,14.2,13.3,17695868.0,323193856.0
2015-04-02,14.25,14.58,13.97,13.68,13128966.0,240533792.0
2015-04-03,13.97,14.65,14.5,13.72,14332963.0,268340528.0
2015-04-07,14.93,15.27,14.81,14.71,18367540.0,357398208.0
2015-04-08,14.79,14.81,14.22,13.88,13779744.0,257272256.0
2015-04-09,14.15,14.34,14.06,13.5,9890290.0,179701568.0
2015-04-10,14.05,14.45,14.38,14.04,7602516.0,141111264.0
2015-04-13,14.37,14.62,14.45,14.12,10596766.0,199232896.0
2015-04-14,14.5,14.55,14.27,13.66,13477533.0,246890336.0
2015-04-15,13.81,14.09,13.72,13.43,10575475.0,189223136.0
2015-04-16,13.5,13.77,13.64,13.2,6655575.0,117208392.0
2015-04-17,13.81,13.89,13.52,13.47,8156124.0,144556032.0
2015-04-20,13.49,13.5,13.19,13.13,8740030.0,150992960.0
2015-04-21,13.33,13.66,13.6,13.2,11057770.0,193378144.0
2015-04-22,13.73,14.12,13.92,13.69,13904061.0,252732848.0
2015-04-23,14.06,14.06,13.8,13.72,10784489.0,195574704.0
2015-04-24,13.66,15.15,15.11,13.46,31904236.0,602435328.0
2015-04-27,15.2,16.62,16.03,15.2,33832376.0,715230144.0
2015-04-28,15.74,16.89,15.57,15.2,21725544.0,454883104.0
2015-04-29,15.6,16.86,16.47,15.57,14744321.0,314963968.0
2015-04-30,16.97,18.12,18.12,16.97,29410742.0,692776320.0
2015-05-04,18.17,18.26,17.49,17.23,13438019.0,308422848.0
2015-05-05,17.42,17.42,16.43,16.07,10335962.0,224075600.0
2015-05-06,16.23,18.07,16.76,16.11,15403283.0,344907904.0
2015-05-07,16.6,17.84,17.38,16.2,10257984.0,232104560.0
2015-05-08,17.58,19.13,19.13,17.58,17870836.0,433518240.0
2015-05-12,21.04,21.04,21.04,21.04,623368.0,17092750.0
2015-05-13,23.14,23.14,23.14,23.14,991304.0,29897728.0
2015-05-14,23.86,25.45,25.45,23.54,34634400.0,1134580864.0
2015-05-15,25.09,25.7,25.08,23.02,24067460.0,764781696.0
2015-05-18,25.16,27.54,27.45,25.16,20266154.0,697384576.0
2015-05-19,27.46,29.61,28.3,26.47,15296404.0,558904384.0
2015-05-20,28.08,29.92,28.41,27.0,13517179.0,502409600.0
2015-05-21,28.39,29.54,28.88,27.47,14134131.0,523284000.0
2015-05-22,29.31,30.34,28.65,28.31,12360040.0,467293824.0
2015-05-25,28.0,29.51,28.63,26.71,13804862.0,388687168.0
2015-05-26,28.58,29.49,29.22,27.82,19775694.0,571059392.0
2015-05-27,29.3,31.97,31.29,28.72,21672546.0,654525824.0
2015-05-28,31.22,32.87,28.39,28.2,27519186.0,846943104.0
2015-05-29,28.0,29.81,29.02,25.68,16941464.0,487453024.0
2015-06-01,29.03,31.48,30.5,29.03,15492767.0,474328384.0
2015-06-02,29.55,31.24,30.02,29.01,21842292.0,654322112.0
2015-06-03,29.83,29.9,29.04,28.08,16457969.0,478921888.0
2015-06-04,28.88,29.48,28.0,26.75,14978662.0,416693696.0
2015-06-05,28.6,28.98,28.01,27.73,14289831.0,403639936.0
2015-06-08,27.6,27.6,26.59,26.38,15049360.0,403562688.0
2015-06-09,26.59,27.86,27.8,26.55,14742697.0,404666496.0
2015-06-10,28.01,28.5,28.11,27.22,12126456.0,342266112.0
2015-06-11,28.11,28.5,27.8,26.91,12606717.0,347670912.0
2015-06-12,28.06,28.7,28.45,28.02,14734790.0,418064032.0
2015-06-15,28.42,28.76,26.85,26.3,16090066.0,442416576.0
2015-06-16,26.9,27.1,24.17,24.17,20118552.0,501683648.0
2015-06-17,24.19,24.32,24.02,21.9,24353716.0,560720896.0
2015-06-18,23.8,23.8,22.65,22.4,12200662.0,283014880.0
2015-06-19,22.4,23.56,22.42,21.75,13915305.0,319416160.0
2015-06-23,22.55,23.6,23.34,21.5,11880930.0,271334176.0
2015-06-24,23.6,23.9,22.97,22.4,13468835.0,312669056.0
2015-06-25,23.12,23.4,21.02,20.85,13519692.0,298672768.0
2015-06-26,19.98,19.98,18.92,18.92,13196172.0,252806656.0
2015-06-29,19.63,19.64,17.03,17.03,14198140.0,247918752.0
2015-06-30,16.0,17.98,17.25,15.33,27941788.0,464999904.0
2015-07-01,17.43,18.65,17.29,16.81,25826328.0,461477824.0
2015-07-02,17.2,17.48,15.56,15.56,14833729.0,241485216.0
2015-07-03,14.7,16.0,14.0,14.0,13754671.0,199258720.0
2015-07-06,15.4,15.4,12.6,12.6,22278510.0,294736064.0
2015-07-07,11.5,11.59,11.34,11.34,13026740.0,148139616.0
2015-07-13,12.47,12.47,12.47,12.47,452821.0,5646678.0
2015-07-14,13.72,13.72,13.72,13.72,418485.0,5741614.0
2015-07-15,15.09,15.09,13.61,13.23,39979080.0,577623296.0
2015-07-16,13.61,14.5,14.3,12.5,25321300.0,350357952.0
2015-07-17,14.32,15.73,15.73,14.32,20508860.0,314856448.0
2015-07-20,16.35,17.3,17.25,16.0,24458640.0,409227264.0
2015-07-21,17.1,18.4,17.33,16.5,19935694.0,351809088.0
2015-07-22,17.28,17.76,17.55,16.43,19275412.0,329963648.0
2015-07-23,18.03,18.59,18.31,17.8,18518112.0,337919808.0
2015-07-24,18.18,18.49,17.8,17.6,20505678.0,370599136.0
2015-07-27,17.69,18.5,16.16,16.06,19493360.0,344050752.0
2015-07-28,15.01,16.6,15.54,14.54,15960257.0,245060032.0
2015-07-29,16.0,16.9,16.89,15.0,15845308.0,252300736.0
2015-07-30,16.8,17.32,16.23,16.2,13601537.0,229936704.0
2015-07-31,16.0,16.3,15.53,15.01,9327827.0,147200720.0
2015-08-03,15.35,15.49,14.11,13.98,9092282.0,133382072.0
2015-08-04,14.49,15.3,15.3,14.07,12705545.0,185399008.0
2015-08-05,15.19,15.8,15.06,14.8,11021980.0,169211520.0
2015-08-06,14.67,15.09,14.73,14.45,7112872.0,105003680.0
2015-08-07,15.06,15.68,15.39,14.88,9613958.0,147191056.0
2015-08-10,15.65,16.93,16.93,15.6,10924970.0,180756400.0
2015-08-11,17.72,18.54,17.94,17.42,26813860.0,481473024.0
2015-08-12,17.69,18.81,18.66,17.38,25260600.0,462509792.0
2015-08-13,18.48,18.88,18.63,17.65,19825660.0,361493184.0
2015-08-14,18.82,20.1,19.3,18.82,22576912.0,437734624.0
2015-08-17,19.01,19.71,19.6,18.81,14142237.0,272596512.0
2015-08-18,19.77,19.82,17.64,17.64,18504142.0,343744640.0
2015-08-19,16.8,18.4,18.2,16.28,11550014.0,200853616.0
2015-08-20,18.0,18.3,17.1,17.06,8208985.0,145110144.0
2015-08-21,17.1,17.44,15.92,15.88,9257804.0,154619120.0
2015-08-24,14.88,15.68,14.33,14.33,8666940.0,126868096.0
2015-08-25,12.9,13.61,12.9,12.9,10688817.0,139217040.0
2015-08-26,13.19,13.63,12.02,11.8,11085580.0,142512256.0
2015-08-27,12.32,12.91,12.73,11.85,8436553.0,104695024.0
2015-08-28,13.1,13.83,13.79,12.82,9560014.0,127189960.0
2015-08-31,13.86,13.86,12.85,12.8,7418253.0,98653744.0
2015-09-01,12.85,13.35,11.59,11.57,12043848.0,147423984.0
2015-09-02,10.46,12.16,10.71,10.46,14169477.0,158235712.0
2015-09-07,11.03,11.78,11.27,11.03,9240087.0,105424160.0
2015-09-08,11.27,12.3,12.25,11.12,6800968.0,78719608.0
2015-09-09,12.41,13.15,13.0,12.41,11981142.0,154489184.0
2015-09-10,12.87,13.3,13.0,12.45,10000493.0,130031112.0
2015-09-11,12.94,13.29,12.85,12.39,7322343.0,94133344.0
2015-09-14,13.21,13.21,11.57,11.57,7049693.0,85919400.0
2015-09-15,11.05,11.56,10.5,10.45,6714787.0,73633776.0
2015-09-16,10.71,11.55,11.55,10.52,7292132.0,80136544.0
2015-09-17,11.79,12.36,11.8,11.5,10807845.0,129108256.0
2015-09-18,11.9,12.15,12.03,11.58,5666787.0,67423784.0
2015-09-21,11.83,12.85,12.83,11.7,10255726.0,127261224.0
2015-09-22,12.87,13.48,13.28,12.85,11070875.0,146734448.0
2015-09-23,12.88,13.46,12.97,12.5,10655666.0,136606336.0
2015-09-24,13.0,13.25,13.0,12.81,6558042.0,85526120.0
2015-09-25,13.01,13.26,12.3,12.28,10305944.0,132223016.0
2015-09-28,12.47,12.78,12.55,12.1,6761135.0,84234864.0
2015-09-29,12.25,12.34,12.08,11.92,7630583.0,92314600.0
2015-09-30,12.24,12.3,12.06,11.9,4683153.0,56535484.0
2015-10-08,12.8,13.1,12.93,12.25,17615414.0,222056464.0
2015-10-09,12.75,14.22,14.22,12.66,15682562.0,212602400.0
2015-10-12,14.65,15.64,15.64,14.65,29462012.0,454642048.0
2015-10-13,15.6,16.28,15.82,15.41,21239530.0,336001056.0
2015-10-14,15.8,16.65,16.17,15.55,21397584.0,344928928.0
2015-10-15,16.09,17.79,17.79,15.7,43695472.0,754245312.0
2015-10-16,18.98,19.5,18.05,17.67,65268016.0,1223232640.0
2015-10-19,17.65,18.12,17.32,17.17,33138528.0,579426944.0
2015-10-20,17.28,17.87,17.6,17.14,26996678.0,469710048.0
2015-10-21,17.6,17.68,16.42,15.84,38100504.0,634635264.0
2015-10-22,16.38,16.99,16.9,16.1,24088092.0,401823776.0
2015-10-23,16.99,17.65,17.49,16.6,28378884.0,489330976.0
2015-10-26,17.8,19.24,18.47,17.3,41384924.0,762764096.0
2015-10-27,17.95,18.11,17.75,16.62,29630854.0,517917120.0
2015-10-28,17.72,17.73,16.6,16.42,18542094.0,316491648.0
2015-10-29,16.9,17.21,16.76,16.32,11242611.0,188531152.0
2015-10-30,17.0,17.25,16.79,16.67,14258128.0,242324976.0
2015-11-02,16.02,16.72,16.05,15.88,13386861.0,217336608.0
2015-11-17,17.66,17.66,17.66,17.66,1443225.0,25487354.0
2015-11-18,19.0,19.05,17.79,17.66,43076784.0,790947584.0
2015-11-19,17.7,18.1,17.62,17.0,23042232.0,403328544.0
2015-11-20,17.67,18.5,18.39,17.25,28651304.0,511198784.0
2015-11-23,18.37,18.7,17.88,17.7,25394916.0,465024800.0
2015-11-24,17.63,17.85,17.57,17.09,15364322.0,267079056.0
2015-11-25,17.6,18.3,18.05,17.6,16796012.0,302751936.0
2015-11-26,18.47,19.54,19.2,17.86,40034308.0,750363840.0
2015-11-27,19.0,19.0,17.28,17.28,28292952.0,515945152.0
2015-11-30,17.4,17.6,16.96,15.57,20387152.0,342836928.0
2015-12-01,16.71,17.25,16.5,16.45,15274763.0,256971360.0
2015-12-02,16.63,16.99,16.26,15.57,13767860.0,223426560.0
2015-12-03,16.37,16.77,16.7,16.25,12109707.0,200110752.0
2015-12-04,16.54,17.3,16.81,16.16,17507220.0,290751456.0
2015-12-07,16.67,17.45,17.43,16.48,18903680.0,321412256.0
2015-12-08,17.42,18.12,17.8,17.35,26612242.0,473430400.0
2015-12-09,17.5,17.58,16.93,16.57,16276603.0,277628768.0
2015-12-10,16.82,17.15,16.31,16.25,12048436.0,200676768.0
2015-12-11,16.35,16.83,16.42,16.18,9906086.0,163620624.0
2015-12-14,16.2,16.96,16.95,16.08,6417147.0,106909008.0
2015-12-15,16.99,17.17,16.87,16.85,6744422.0,114417456.0
2015-12-16,17.0,17.18,16.86,16.72,11242862.0,190032720.0
2015-12-17,16.92,18.55,18.55,16.92,33694248.0,610346688.0
2015-12-18,18.85,19.03,18.26,17.88,27906932.0,513270688.0
